[{"model": "dashboard.userdashboardmodule", "pk": 1, "fields": {"title": "Quick links", "module": "jet.dashboard.modules.LinkList", "app_label": null, "user": 1, "column": 0, "order": 0, "settings": "{\"draggable\": false, \"deletable\": false, \"collapsible\": false, \"layout\": \"inline\"}", "children": "[{\"title\": \"Return to site\", \"url\": \"/\"}, {\"title\": \"Change password\", \"url\": \"/admin/password_change/\"}, {\"title\": \"Log out\", \"url\": \"/admin/logout/\"}]", "collapsed": false}}, {"model": "dashboard.userdashboardmodule", "pk": 2, "fields": {"title": "Applications", "module": "jet.dashboard.modules.AppList", "app_label": null, "user": 1, "column": 1, "order": 0, "settings": "{\"models\": null, \"exclude\": [\"auth.*\"]}", "children": "", "collapsed": false}}, {"model": "dashboard.userdashboardmodule", "pk": 3, "fields": {"title": "Administration", "module": "jet.dashboard.modules.AppList", "app_label": null, "user": 1, "column": 2, "order": 0, "settings": "{\"models\": [\"auth.*\"], \"exclude\": null}", "children": "", "collapsed": false}}, {"model": "dashboard.userdashboardmodule", "pk": 4, "fields": {"title": "Recent Actions", "module": "jet.dashboard.modules.RecentActions", "app_label": null, "user": 1, "column": 0, "order": 1, "settings": "{\"limit\": 10, \"include_list\": null, \"exclude_list\": null, \"user\": null}", "children": "", "collapsed": false}}, {"model": "dashboard.userdashboardmodule", "pk": 5, "fields": {"title": "Latest Django News", "module": "jet.dashboard.modules.Feed", "app_label": null, "user": 1, "column": 1, "order": 1, "settings": "{\"feed_url\": \"http://www.djangoproject.com/rss/weblog/\", \"limit\": 5}", "children": "", "collapsed": false}}, {"model": "dashboard.userdashboardmodule", "pk": 6, "fields": {"title": "Support", "module": "jet.dashboard.modules.LinkList", "app_label": null, "user": 1, "column": 2, "order": 1, "settings": "{\"draggable\": true, \"deletable\": true, \"collapsible\": true, \"layout\": \"stacked\"}", "children": "[{\"title\": \"Django documentation\", \"url\": \"http://docs.djangoproject.com/\", \"external\": true}, {\"title\": \"Django \\\"django-users\\\" mailing list\", \"url\": \"http://groups.google.com/group/django-users\", \"external\": true}, {\"title\": \"Django irc channel\", \"url\": \"irc://irc.freenode.net/django\", \"external\": true}]", "collapsed": false}}, {"model": "dashboard.userdashboardmodule", "pk": 7, "fields": {"title": "Application models", "module": "jet.dashboard.modules.ModelList", "app_label": "shop", "user": 1, "column": 0, "order": 0, "settings": "{\"models\": [\"shop.*\"], \"exclude\": null}", "children": "", "collapsed": false}}, {"model": "dashboard.userdashboardmodule", "pk": 8, "fields": {"title": "Recent Actions", "module": "jet.dashboard.modules.RecentActions", "app_label": "shop", "user": 1, "column": 1, "order": 0, "settings": "{\"limit\": 10, \"include_list\": [\"shop.*\"], \"exclude_list\": null, \"user\": null}", "children": "", "collapsed": false}}, {"model": "dashboard.userdashboardmodule", "pk": 9, "fields": {"title": "Application models", "module": "jet.dashboard.modules.ModelList", "app_label": "general", "user": 1, "column": 0, "order": 0, "settings": "{\"models\": [\"general.*\"], \"exclude\": null}", "children": "", "collapsed": false}}, {"model": "dashboard.userdashboardmodule", "pk": 10, "fields": {"title": "Recent Actions", "module": "jet.dashboard.modules.RecentActions", "app_label": "general", "user": 1, "column": 1, "order": 0, "settings": "{\"limit\": 10, \"include_list\": [\"general.*\"], \"exclude_list\": null, \"user\": null}", "children": "", "collapsed": false}}, {"model": "admin.logentry", "pk": 1, "fields": {"action_time": "2022-08-17T05:00:07.343Z", "user": 1, "content_type": 4, "object_id": "2", "object_repr": "Comrade", "action_flag": 1, "change_message": "[{\"added\": {}}]"}}, {"model": "admin.logentry", "pk": 2, "fields": {"action_time": "2022-08-17T05:00:27.311Z", "user": 1, "content_type": 4, "object_id": "2", "object_repr": "Comrade", "action_flag": 2, "change_message": "[{\"changed\": {\"fields\": [\"Email address\"]}}]"}}, {"model": "admin.logentry", "pk": 3, "fields": {"action_time": "2022-08-23T10:27:14.464Z", "user": 1, "content_type": 7, "object_id": "1", "object_repr": "Assorted Meat", "action_flag": 1, "change_message": "[{\"added\": {}}]"}}, {"model": "admin.logentry", "pk": 4, "fields": {"action_time": "2022-08-23T10:43:56.915Z", "user": 1, "content_type": 7, "object_id": "1", "object_repr": "Assorted Meat", "action_flag": 2, "change_message": "[{\"changed\": {\"fields\": [\"Image\"]}}]"}}, {"model": "admin.logentry", "pk": 5, "fields": {"action_time": "2022-08-23T11:19:25.185Z", "user": 1, "content_type": 7, "object_id": "2", "object_repr": "Jollof Rice", "action_flag": 1, "change_message": "[{\"added\": {}}]"}}, {"model": "admin.logentry", "pk": 6, "fields": {"action_time": "2022-08-23T11:27:43.993Z", "user": 1, "content_type": 7, "object_id": "3", "object_repr": "Burger", "action_flag": 1, "change_message": "[{\"added\": {}}]"}}, {"model": "admin.logentry", "pk": 7, "fields": {"action_time": "2022-08-23T13:56:20.120Z", "user": 1, "content_type": 7, "object_id": "4", "object_repr": "Noodles", "action_flag": 1, "change_message": "[{\"added\": {}}]"}}, {"model": "admin.logentry", "pk": 8, "fields": {"action_time": "2022-08-23T15:05:10.172Z", "user": 1, "content_type": 7, "object_id": "5", "object_repr": "sr", "action_flag": 1, "change_message": "[{\"added\": {}}]"}}, {"model": "admin.logentry", "pk": 9, "fields": {"action_time": "2022-08-23T15:07:16.441Z", "user": 1, "content_type": 7, "object_id": "5", "object_repr": "sr", "action_flag": 3, "change_message": ""}}, {"model": "admin.logentry", "pk": 10, "fields": {"action_time": "2022-08-24T16:21:12.317Z", "user": 8, "content_type": 8, "object_id": "1", "object_repr": "Sub-sandwiches", "action_flag": 1, "change_message": "[{\"added\": {}}]"}}, {"model": "admin.logentry", "pk": 11, "fields": {"action_time": "2022-08-24T16:24:05.807Z", "user": 8, "content_type": 8, "object_id": "2", "object_repr": "Noodles", "action_flag": 1, "change_message": "[{\"added\": {}}]"}}, {"model": "admin.logentry", "pk": 12, "fields": {"action_time": "2022-08-24T16:32:21.298Z", "user": 8, "content_type": 8, "object_id": "3", "object_repr": "Burger", "action_flag": 1, "change_message": "[{\"added\": {}}]"}}, {"model": "admin.logentry", "pk": 13, "fields": {"action_time": "2022-08-25T12:03:06.652Z", "user": 8, "content_type": 8, "object_id": "3", "object_repr": "Burger", "action_flag": 2, "change_message": "[{\"changed\": {\"fields\": [\"Image\"]}}]"}}, {"model": "admin.logentry", "pk": 14, "fields": {"action_time": "2022-08-25T12:34:57.955Z", "user": 8, "content_type": 8, "object_id": "2", "object_repr": "Noodles", "action_flag": 2, "change_message": "[{\"changed\": {\"fields\": [\"Image\"]}}]"}}, {"model": "admin.logentry", "pk": 15, "fields": {"action_time": "2022-08-28T03:41:20.172Z", "user": 1, "content_type": 7, "object_id": "6", "object_repr": "Fried Chicken", "action_flag": 1, "change_message": "[{\"added\": {}}]"}}, {"model": "admin.logentry", "pk": 16, "fields": {"action_time": "2022-08-29T13:03:16.484Z", "user": 1, "content_type": 11, "object_id": "1", "object_repr": "Lunch object (1)", "action_flag": 1, "change_message": "[{\"added\": {}}]"}}, {"model": "admin.logentry", "pk": 17, "fields": {"action_time": "2022-08-29T13:10:53.597Z", "user": 1, "content_type": 11, "object_id": "2", "object_repr": "Lunch object (2)", "action_flag": 1, "change_message": "[{\"added\": {}}]"}}, {"model": "admin.logentry", "pk": 18, "fields": {"action_time": "2022-08-29T13:17:43.772Z", "user": 1, "content_type": 11, "object_id": "3", "object_repr": "Lunch object (3)", "action_flag": 1, "change_message": "[{\"added\": {}}]"}}, {"model": "admin.logentry", "pk": 19, "fields": {"action_time": "2022-08-29T13:52:06.523Z", "user": 1, "content_type": 11, "object_id": "3", "object_repr": "Lunch object (3)", "action_flag": 3, "change_message": ""}}, {"model": "admin.logentry", "pk": 20, "fields": {"action_time": "2022-08-29T13:52:06.638Z", "user": 1, "content_type": 11, "object_id": "2", "object_repr": "Lunch object (2)", "action_flag": 3, "change_message": ""}}, {"model": "admin.logentry", "pk": 21, "fields": {"action_time": "2022-08-29T13:52:06.749Z", "user": 1, "content_type": 11, "object_id": "1", "object_repr": "Lunch object (1)", "action_flag": 3, "change_message": ""}}, {"model": "admin.logentry", "pk": 22, "fields": {"action_time": "2022-08-29T14:05:31.642Z", "user": 1, "content_type": 14, "object_id": "1", "object_repr": "Lunche object (1)", "action_flag": 1, "change_message": "[{\"added\": {}}]"}}, {"model": "admin.logentry", "pk": 23, "fields": {"action_time": "2022-08-29T16:24:58.473Z", "user": 1, "content_type": 12, "object_id": "1", "object_repr": "Dinner Meals", "action_flag": 1, "change_message": "[{\"added\": {}}]"}}, {"model": "admin.logentry", "pk": 24, "fields": {"action_time": "2022-08-29T16:26:35.662Z", "user": 1, "content_type": 12, "object_id": "2", "object_repr": "Dinner Meals", "action_flag": 1, "change_message": "[{\"added\": {}}]"}}, {"model": "admin.logentry", "pk": 25, "fields": {"action_time": "2022-08-29T16:27:41.855Z", "user": 1, "content_type": 12, "object_id": "3", "object_repr": "Dinner Meals", "action_flag": 1, "change_message": "[{\"added\": {}}]"}}, {"model": "admin.logentry", "pk": 26, "fields": {"action_time": "2022-08-29T16:31:02.563Z", "user": 1, "content_type": 11, "object_id": "1", "object_repr": "Lunch Meals", "action_flag": 1, "change_message": "[{\"added\": {}}]"}}, {"model": "admin.logentry", "pk": 27, "fields": {"action_time": "2022-08-29T16:33:10.148Z", "user": 1, "content_type": 11, "object_id": "2", "object_repr": "Lunch", "action_flag": 1, "change_message": "[{\"added\": {}}]"}}, {"model": "admin.logentry", "pk": 28, "fields": {"action_time": "2022-08-29T16:33:21.128Z", "user": 1, "content_type": 11, "object_id": "1", "object_repr": "Lunch", "action_flag": 2, "change_message": "[{\"changed\": {\"fields\": [\"Title\"]}}]"}}, {"model": "admin.logentry", "pk": 29, "fields": {"action_time": "2022-08-29T16:34:30.816Z", "user": 1, "content_type": 11, "object_id": "3", "object_repr": "Lunch", "action_flag": 1, "change_message": "[{\"added\": {}}]"}}, {"model": "admin.logentry", "pk": 30, "fields": {"action_time": "2022-08-29T16:35:39.387Z", "user": 1, "content_type": 12, "object_id": "3", "object_repr": "Dinner", "action_flag": 2, "change_message": "[{\"changed\": {\"fields\": [\"Title\"]}}]"}}, {"model": "admin.logentry", "pk": 31, "fields": {"action_time": "2022-08-29T16:35:50.799Z", "user": 1, "content_type": 12, "object_id": "2", "object_repr": "Dinner", "action_flag": 2, "change_message": "[{\"changed\": {\"fields\": [\"Title\"]}}]"}}, {"model": "admin.logentry", "pk": 32, "fields": {"action_time": "2022-08-29T16:35:59.020Z", "user": 1, "content_type": 12, "object_id": "1", "object_repr": "Dinner", "action_flag": 2, "change_message": "[{\"changed\": {\"fields\": [\"Title\"]}}]"}}, {"model": "admin.logentry", "pk": 33, "fields": {"action_time": "2022-08-29T16:36:41.157Z", "user": 1, "content_type": 13, "object_id": "1", "object_repr": "Breakfast", "action_flag": 1, "change_message": "[{\"added\": {}}]"}}, {"model": "admin.logentry", "pk": 34, "fields": {"action_time": "2022-08-29T16:37:17.758Z", "user": 1, "content_type": 13, "object_id": "2", "object_repr": "Breakfast", "action_flag": 1, "change_message": "[{\"added\": {}}]"}}, {"model": "admin.logentry", "pk": 35, "fields": {"action_time": "2022-08-29T16:38:02.730Z", "user": 1, "content_type": 13, "object_id": "3", "object_repr": "Breakfast", "action_flag": 1, "change_message": "[{\"added\": {}}]"}}, {"model": "admin.logentry", "pk": 36, "fields": {"action_time": "2022-08-30T14:49:30.133Z", "user": 1, "content_type": 15, "object_id": "1", "object_repr": "Geralld Sergio", "action_flag": 1, "change_message": "[{\"added\": {}}]"}}, {"model": "admin.logentry", "pk": 37, "fields": {"action_time": "2022-08-30T15:33:33.932Z", "user": 1, "content_type": 15, "object_id": "2", "object_repr": "Gomez Gerrald", "action_flag": 1, "change_message": "[{\"added\": {}}]"}}, {"model": "admin.logentry", "pk": 38, "fields": {"action_time": "2022-08-30T15:34:14.333Z", "user": 1, "content_type": 15, "object_id": "3", "object_repr": "Alex Robin", "action_flag": 1, "change_message": "[{\"added\": {}}]"}}, {"model": "admin.logentry", "pk": 39, "fields": {"action_time": "2022-08-30T15:35:17.397Z", "user": 1, "content_type": 15, "object_id": "4", "object_repr": "Kelvin Owens", "action_flag": 1, "change_message": "[{\"added\": {}}]"}}, {"model": "admin.logentry", "pk": 40, "fields": {"action_time": "2022-08-31T03:21:57.915Z", "user": 1, "content_type": 9, "object_id": "1", "object_repr": "Category object (1)", "action_flag": 1, "change_message": "[{\"added\": {}}]"}}, {"model": "admin.logentry", "pk": 41, "fields": {"action_time": "2022-08-31T03:23:54.024Z", "user": 1, "content_type": 10, "object_id": "1", "object_repr": "Burger", "action_flag": 1, "change_message": "[{\"added\": {}}]"}}, {"model": "admin.logentry", "pk": 42, "fields": {"action_time": "2022-08-31T03:44:59.368Z", "user": 1, "content_type": 7, "object_id": "4", "object_repr": "Noodles", "action_flag": 3, "change_message": ""}}, {"model": "admin.logentry", "pk": 43, "fields": {"action_time": "2022-08-31T12:57:49.281Z", "user": 1, "content_type": 9, "object_id": "2", "object_repr": "Vegetables", "action_flag": 1, "change_message": "[{\"added\": {}}]"}}, {"model": "admin.logentry", "pk": 44, "fields": {"action_time": "2022-08-31T12:58:52.967Z", "user": 1, "content_type": 10, "object_id": "2", "object_repr": "Okro", "action_flag": 1, "change_message": "[{\"added\": {}}]"}}, {"model": "admin.logentry", "pk": 45, "fields": {"action_time": "2022-08-31T14:38:16.977Z", "user": 1, "content_type": 17, "object_id": "1", "object_repr": "Vegetables", "action_flag": 1, "change_message": "[{\"added\": {}}]"}}, {"model": "admin.logentry", "pk": 46, "fields": {"action_time": "2022-08-31T14:38:41.033Z", "user": 1, "content_type": 17, "object_id": "2", "object_repr": "Snacks", "action_flag": 1, "change_message": "[{\"added\": {}}]"}}, {"model": "admin.logentry", "pk": 47, "fields": {"action_time": "2022-08-31T14:42:08.641Z", "user": 1, "content_type": 17, "object_id": "3", "object_repr": "Beef", "action_flag": 1, "change_message": "[{\"added\": {}}]"}}, {"model": "admin.logentry", "pk": 48, "fields": {"action_time": "2022-08-31T14:43:54.447Z", "user": 1, "content_type": 17, "object_id": "4", "object_repr": "Cereals", "action_flag": 1, "change_message": "[{\"added\": {}}]"}}, {"model": "admin.logentry", "pk": 49, "fields": {"action_time": "2022-08-31T14:46:26.370Z", "user": 1, "content_type": 17, "object_id": "5", "object_repr": "Carbonhydrates", "action_flag": 1, "change_message": "[{\"added\": {}}]"}}, {"model": "admin.logentry", "pk": 50, "fields": {"action_time": "2022-09-01T05:16:51.456Z", "user": 1, "content_type": 16, "object_id": "1", "object_repr": "Burger", "action_flag": 1, "change_message": "[{\"added\": {}}]"}}, {"model": "admin.logentry", "pk": 51, "fields": {"action_time": "2022-09-01T05:19:58.732Z", "user": 1, "content_type": 16, "object_id": "2", "object_repr": "Okro", "action_flag": 1, "change_message": "[{\"added\": {}}]"}}, {"model": "admin.logentry", "pk": 52, "fields": {"action_time": "2022-09-01T11:50:22.038Z", "user": 1, "content_type": 16, "object_id": "2", "object_repr": "Okro", "action_flag": 2, "change_message": "[{\"changed\": {\"fields\": [\"Category\"]}}]"}}, {"model": "admin.logentry", "pk": 53, "fields": {"action_time": "2022-09-01T11:54:20.635Z", "user": 1, "content_type": 17, "object_id": "6", "object_repr": "Fast Foods", "action_flag": 1, "change_message": "[{\"added\": {}}]"}}, {"model": "admin.logentry", "pk": 54, "fields": {"action_time": "2022-09-01T11:54:46.288Z", "user": 1, "content_type": 16, "object_id": "1", "object_repr": "Burger", "action_flag": 2, "change_message": "[{\"changed\": {\"fields\": [\"Category\", \"Is featured\"]}}]"}}, {"model": "admin.logentry", "pk": 55, "fields": {"action_time": "2022-09-01T11:55:04.829Z", "user": 1, "content_type": 16, "object_id": "2", "object_repr": "Okro", "action_flag": 2, "change_message": "[{\"changed\": {\"fields\": [\"Category\"]}}]"}}, {"model": "admin.logentry", "pk": 56, "fields": {"action_time": "2022-09-01T11:57:01.552Z", "user": 1, "content_type": 16, "object_id": "3", "object_repr": "Noodles", "action_flag": 1, "change_message": "[{\"added\": {}}]"}}, {"model": "admin.logentry", "pk": 57, "fields": {"action_time": "2022-09-01T11:57:10.873Z", "user": 1, "content_type": 16, "object_id": "3", "object_repr": "Noodles", "action_flag": 2, "change_message": "[{\"changed\": {\"fields\": [\"Is featured\"]}}]"}}, {"model": "admin.logentry", "pk": 58, "fields": {"action_time": "2022-09-01T11:58:19.185Z", "user": 1, "content_type": 16, "object_id": "4", "object_repr": "Sub-sandwiches", "action_flag": 1, "change_message": "[{\"added\": {}}]"}}, {"model": "admin.logentry", "pk": 59, "fields": {"action_time": "2022-09-01T12:08:07.956Z", "user": 1, "content_type": 16, "object_id": "2", "object_repr": "Okro", "action_flag": 2, "change_message": "[{\"changed\": {\"fields\": [\"Is featured\"]}}]"}}, {"model": "admin.logentry", "pk": 60, "fields": {"action_time": "2022-09-02T18:35:52.291Z", "user": 1, "content_type": 16, "object_id": "3", "object_repr": "Noodles", "action_flag": 2, "change_message": "[{\"changed\": {\"fields\": [\"Category\"]}}]"}}, {"model": "admin.logentry", "pk": 61, "fields": {"action_time": "2022-09-02T18:56:46.752Z", "user": 1, "content_type": 17, "object_id": "7", "object_repr": "Roasted", "action_flag": 1, "change_message": "[{\"added\": {}}]"}}, {"model": "admin.logentry", "pk": 62, "fields": {"action_time": "2022-09-02T18:57:24.997Z", "user": 1, "content_type": 16, "object_id": "5", "object_repr": "Chicken", "action_flag": 1, "change_message": "[{\"added\": {}}]"}}, {"model": "admin.logentry", "pk": 63, "fields": {"action_time": "2022-09-02T19:13:05.753Z", "user": 1, "content_type": 17, "object_id": "8", "object_repr": "Balanced", "action_flag": 1, "change_message": "[{\"added\": {}}]"}}, {"model": "admin.logentry", "pk": 64, "fields": {"action_time": "2022-09-02T19:13:16.618Z", "user": 1, "content_type": 16, "object_id": "6", "object_repr": "Jollof Rice", "action_flag": 1, "change_message": "[{\"added\": {}}]"}}, {"model": "admin.logentry", "pk": 65, "fields": {"action_time": "2022-09-02T19:15:47.304Z", "user": 1, "content_type": 17, "object_id": "9", "object_repr": "Chicken", "action_flag": 1, "change_message": "[{\"added\": {}}]"}}, {"model": "admin.logentry", "pk": 66, "fields": {"action_time": "2022-09-02T19:16:45.550Z", "user": 1, "content_type": 16, "object_id": "5", "object_repr": "Roasted-Chicken", "action_flag": 2, "change_message": "[{\"changed\": {\"fields\": [\"Title\", \"Slug\", \"Category\", \"Is featured\"]}}]"}}, {"model": "admin.logentry", "pk": 67, "fields": {"action_time": "2022-09-02T19:19:25.486Z", "user": 1, "content_type": 16, "object_id": "7", "object_repr": "Fried Chicken", "action_flag": 1, "change_message": "[{\"added\": {}}]"}}, {"model": "admin.logentry", "pk": 68, "fields": {"action_time": "2022-09-02T19:21:45.230Z", "user": 1, "content_type": 17, "object_id": "7", "object_repr": "Roasted", "action_flag": 3, "change_message": ""}}, {"model": "admin.logentry", "pk": 69, "fields": {"action_time": "2022-09-02T19:28:29.108Z", "user": 1, "content_type": 16, "object_id": "8", "object_repr": "Coconut  Rice", "action_flag": 1, "change_message": "[{\"added\": {}}]"}}, {"model": "admin.logentry", "pk": 70, "fields": {"action_time": "2022-09-02T19:30:26.897Z", "user": 1, "content_type": 16, "object_id": "3", "object_repr": "Noodles", "action_flag": 2, "change_message": "[{\"changed\": {\"fields\": [\"Category\"]}}]"}}, {"model": "admin.logentry", "pk": 71, "fields": {"action_time": "2022-09-02T19:39:54.862Z", "user": 1, "content_type": 16, "object_id": "9", "object_repr": "Assorted Meat", "action_flag": 1, "change_message": "[{\"added\": {}}]"}}, {"model": "admin.logentry", "pk": 72, "fields": {"action_time": "2022-09-02T19:42:20.674Z", "user": 1, "content_type": 16, "object_id": "10", "object_repr": "Pizza", "action_flag": 1, "change_message": "[{\"added\": {}}]"}}, {"model": "admin.logentry", "pk": 73, "fields": {"action_time": "2022-09-02T19:44:46.265Z", "user": 1, "content_type": 16, "object_id": "9", "object_repr": "Assorted Meat", "action_flag": 2, "change_message": "[{\"changed\": {\"fields\": [\"Image\"]}}]"}}, {"model": "admin.logentry", "pk": 74, "fields": {"action_time": "2022-09-02T19:47:45.416Z", "user": 1, "content_type": 16, "object_id": "11", "object_repr": "Spaghetti", "action_flag": 1, "change_message": "[{\"added\": {}}]"}}, {"model": "admin.logentry", "pk": 75, "fields": {"action_time": "2022-09-02T19:55:18.958Z", "user": 1, "content_type": 16, "object_id": "12", "object_repr": "Carrot Spaghetti", "action_flag": 1, "change_message": "[{\"added\": {}}]"}}, {"model": "admin.logentry", "pk": 76, "fields": {"action_time": "2022-09-02T19:55:46.449Z", "user": 1, "content_type": 17, "object_id": "10", "object_repr": "Local", "action_flag": 1, "change_message": "[{\"added\": {}}]"}}, {"model": "admin.logentry", "pk": 77, "fields": {"action_time": "2022-09-02T19:56:02.403Z", "user": 1, "content_type": 17, "object_id": "5", "object_repr": "Carbonhydrates", "action_flag": 3, "change_message": ""}}, {"model": "admin.logentry", "pk": 78, "fields": {"action_time": "2022-09-02T19:56:38.255Z", "user": 1, "content_type": 17, "object_id": "1", "object_repr": "Vegetables", "action_flag": 3, "change_message": ""}}, {"model": "admin.logentry", "pk": 79, "fields": {"action_time": "2022-09-02T19:57:27.832Z", "user": 1, "content_type": 16, "object_id": "2", "object_repr": "Okro", "action_flag": 3, "change_message": ""}}, {"model": "admin.logentry", "pk": 80, "fields": {"action_time": "2022-09-02T19:58:04.071Z", "user": 1, "content_type": 16, "object_id": "6", "object_repr": "Jollof Rice", "action_flag": 2, "change_message": "[{\"changed\": {\"fields\": [\"Is featured\"]}}]"}}, {"model": "admin.logentry", "pk": 81, "fields": {"action_time": "2022-09-04T11:26:53.366Z", "user": 1, "content_type": 17, "object_id": "9", "object_repr": "Chicken", "action_flag": 2, "change_message": "[{\"changed\": {\"fields\": [\"Slug\"]}}]"}}, {"model": "admin.logentry", "pk": 82, "fields": {"action_time": "2022-09-04T11:27:21.345Z", "user": 1, "content_type": 17, "object_id": "10", "object_repr": "Local", "action_flag": 2, "change_message": "[{\"changed\": {\"fields\": [\"Slug\"]}}]"}}, {"model": "admin.logentry", "pk": 83, "fields": {"action_time": "2022-09-04T11:27:41.794Z", "user": 1, "content_type": 17, "object_id": "8", "object_repr": "Balanced", "action_flag": 2, "change_message": "[{\"changed\": {\"fields\": [\"Slug\"]}}]"}}, {"model": "admin.logentry", "pk": 84, "fields": {"action_time": "2022-09-04T11:28:02.748Z", "user": 1, "content_type": 17, "object_id": "6", "object_repr": "Fast Food", "action_flag": 2, "change_message": "[{\"changed\": {\"fields\": [\"Title\", \"Slug\"]}}]"}}, {"model": "admin.logentry", "pk": 85, "fields": {"action_time": "2022-09-04T11:28:15.828Z", "user": 1, "content_type": 17, "object_id": "4", "object_repr": "Cereals", "action_flag": 2, "change_message": "[{\"changed\": {\"fields\": [\"Slug\"]}}]"}}, {"model": "admin.logentry", "pk": 86, "fields": {"action_time": "2022-09-04T11:28:32.931Z", "user": 1, "content_type": 17, "object_id": "3", "object_repr": "Beef", "action_flag": 2, "change_message": "[{\"changed\": {\"fields\": [\"Slug\"]}}]"}}, {"model": "admin.logentry", "pk": 87, "fields": {"action_time": "2022-09-04T11:28:47.892Z", "user": 1, "content_type": 17, "object_id": "2", "object_repr": "Snacks", "action_flag": 2, "change_message": "[{\"changed\": {\"fields\": [\"Slug\"]}}]"}}, {"model": "admin.logentry", "pk": 88, "fields": {"action_time": "2022-09-17T12:49:27.654Z", "user": 1, "content_type": 16, "object_id": "9", "object_repr": "Assorted Meat", "action_flag": 2, "change_message": "[{\"changed\": {\"fields\": [\"Has discount\", \"Percentage days left\", \"Percentage off\", \"Price after discount\"]}}]"}}, {"model": "admin.logentry", "pk": 89, "fields": {"action_time": "2022-09-17T12:58:22.139Z", "user": 1, "content_type": 16, "object_id": "9", "object_repr": "Assorted Meat", "action_flag": 2, "change_message": "[{\"changed\": {\"fields\": [\"Price\", \"Price before discount\"]}}]"}}, {"model": "admin.logentry", "pk": 90, "fields": {"action_time": "2022-09-17T13:06:02.226Z", "user": 1, "content_type": 16, "object_id": "10", "object_repr": "Pizza", "action_flag": 2, "change_message": "[{\"changed\": {\"fields\": [\"Price\", \"Category\", \"Is featured\", \"Has discount\", \"Percentage days left\", \"Percentage off\", \"Price before discount\"]}}]"}}, {"model": "admin.logentry", "pk": 91, "fields": {"action_time": "2022-09-17T13:09:39.664Z", "user": 1, "content_type": 16, "object_id": "6", "object_repr": "Jollof Rice", "action_flag": 2, "change_message": "[{\"changed\": {\"fields\": [\"Price\", \"Percentage days left\", \"Percentage off\", \"Price before discount\"]}}]"}}, {"model": "admin.logentry", "pk": 92, "fields": {"action_time": "2022-09-17T13:10:00.232Z", "user": 1, "content_type": 16, "object_id": "6", "object_repr": "Jollof Rice", "action_flag": 2, "change_message": "[{\"changed\": {\"fields\": [\"Has discount\"]}}]"}}, {"model": "admin.logentry", "pk": 93, "fields": {"action_time": "2022-09-17T13:15:12.461Z", "user": 1, "content_type": 16, "object_id": "5", "object_repr": "Roasted-Chicken", "action_flag": 2, "change_message": "[{\"changed\": {\"fields\": [\"Percentage days left\", \"Percentage off\", \"Price before discount\"]}}]"}}, {"model": "admin.logentry", "pk": 94, "fields": {"action_time": "2022-09-17T13:16:02.598Z", "user": 1, "content_type": 16, "object_id": "5", "object_repr": "Roasted-Chicken", "action_flag": 2, "change_message": "[{\"changed\": {\"fields\": [\"Has discount\"]}}]"}}, {"model": "admin.logentry", "pk": 95, "fields": {"action_time": "2022-09-17T13:18:15.316Z", "user": 1, "content_type": 16, "object_id": "1", "object_repr": "Burger", "action_flag": 2, "change_message": "[{\"changed\": {\"fields\": [\"Category\", \"Has discount\", \"Percentage days left\", \"Percentage off\", \"Price before discount\"]}}]"}}, {"model": "admin.logentry", "pk": 96, "fields": {"action_time": "2022-09-17T13:20:10.411Z", "user": 1, "content_type": 16, "object_id": "3", "object_repr": "Noodles", "action_flag": 2, "change_message": "[{\"changed\": {\"fields\": [\"Price\", \"Category\", \"Percentage days left\", \"Percentage off\", \"Price before discount\"]}}]"}}, {"model": "admin.logentry", "pk": 97, "fields": {"action_time": "2022-09-17T13:20:38.544Z", "user": 1, "content_type": 17, "object_id": "6", "object_repr": "Fast Food", "action_flag": 3, "change_message": ""}}, {"model": "admin.logentry", "pk": 98, "fields": {"action_time": "2022-09-17T13:21:16.835Z", "user": 1, "content_type": 16, "object_id": "3", "object_repr": "Noodles", "action_flag": 2, "change_message": "[{\"changed\": {\"fields\": [\"Has discount\"]}}]"}}, {"model": "admin.logentry", "pk": 99, "fields": {"action_time": "2022-09-17T13:26:30.550Z", "user": 1, "content_type": 16, "object_id": "9", "object_repr": "Assorted Meat", "action_flag": 2, "change_message": "[{\"changed\": {\"fields\": [\"Discount days left\"]}}]"}}, {"model": "admin.logentry", "pk": 100, "fields": {"action_time": "2022-09-17T13:26:58.307Z", "user": 1, "content_type": 16, "object_id": "1", "object_repr": "Burger", "action_flag": 2, "change_message": "[{\"changed\": {\"fields\": [\"Discount days left\"]}}]"}}, {"model": "admin.logentry", "pk": 101, "fields": {"action_time": "2022-09-17T13:27:26.280Z", "user": 1, "content_type": 16, "object_id": "6", "object_repr": "Jollof Rice", "action_flag": 2, "change_message": "[{\"changed\": {\"fields\": [\"Discount days left\"]}}]"}}, {"model": "admin.logentry", "pk": 102, "fields": {"action_time": "2022-09-17T13:27:40.929Z", "user": 1, "content_type": 16, "object_id": "3", "object_repr": "Noodles", "action_flag": 2, "change_message": "[{\"changed\": {\"fields\": [\"Discount days left\"]}}]"}}, {"model": "admin.logentry", "pk": 103, "fields": {"action_time": "2022-09-17T13:27:54.806Z", "user": 1, "content_type": 16, "object_id": "10", "object_repr": "Pizza", "action_flag": 2, "change_message": "[{\"changed\": {\"fields\": [\"Discount days left\"]}}]"}}, {"model": "admin.logentry", "pk": 104, "fields": {"action_time": "2022-09-17T13:28:09.035Z", "user": 1, "content_type": 16, "object_id": "5", "object_repr": "Roasted-Chicken", "action_flag": 2, "change_message": "[{\"changed\": {\"fields\": [\"Discount days left\"]}}]"}}, {"model": "admin.logentry", "pk": 105, "fields": {"action_time": "2022-09-17T13:43:36.705Z", "user": 1, "content_type": 16, "object_id": "13", "object_repr": "Corn Flakes", "action_flag": 1, "change_message": "[{\"added\": {}}]"}}, {"model": "auth.permission", "pk": 1, "fields": {"name": "Can add log entry", "content_type": 1, "codename": "add_logentry"}}, {"model": "auth.permission", "pk": 2, "fields": {"name": "Can change log entry", "content_type": 1, "codename": "change_logentry"}}, {"model": "auth.permission", "pk": 3, "fields": {"name": "Can delete log entry", "content_type": 1, "codename": "delete_logentry"}}, {"model": "auth.permission", "pk": 4, "fields": {"name": "Can view log entry", "content_type": 1, "codename": "view_logentry"}}, {"model": "auth.permission", "pk": 5, "fields": {"name": "Can add permission", "content_type": 2, "codename": "add_permission"}}, {"model": "auth.permission", "pk": 6, "fields": {"name": "Can change permission", "content_type": 2, "codename": "change_permission"}}, {"model": "auth.permission", "pk": 7, "fields": {"name": "Can delete permission", "content_type": 2, "codename": "delete_permission"}}, {"model": "auth.permission", "pk": 8, "fields": {"name": "Can view permission", "content_type": 2, "codename": "view_permission"}}, {"model": "auth.permission", "pk": 9, "fields": {"name": "Can add group", "content_type": 3, "codename": "add_group"}}, {"model": "auth.permission", "pk": 10, "fields": {"name": "Can change group", "content_type": 3, "codename": "change_group"}}, {"model": "auth.permission", "pk": 11, "fields": {"name": "Can delete group", "content_type": 3, "codename": "delete_group"}}, {"model": "auth.permission", "pk": 12, "fields": {"name": "Can view group", "content_type": 3, "codename": "view_group"}}, {"model": "auth.permission", "pk": 13, "fields": {"name": "Can add user", "content_type": 4, "codename": "add_user"}}, {"model": "auth.permission", "pk": 14, "fields": {"name": "Can change user", "content_type": 4, "codename": "change_user"}}, {"model": "auth.permission", "pk": 15, "fields": {"name": "Can delete user", "content_type": 4, "codename": "delete_user"}}, {"model": "auth.permission", "pk": 16, "fields": {"name": "Can view user", "content_type": 4, "codename": "view_user"}}, {"model": "auth.permission", "pk": 17, "fields": {"name": "Can add content type", "content_type": 5, "codename": "add_contenttype"}}, {"model": "auth.permission", "pk": 18, "fields": {"name": "Can change content type", "content_type": 5, "codename": "change_contenttype"}}, {"model": "auth.permission", "pk": 19, "fields": {"name": "Can delete content type", "content_type": 5, "codename": "delete_contenttype"}}, {"model": "auth.permission", "pk": 20, "fields": {"name": "Can view content type", "content_type": 5, "codename": "view_contenttype"}}, {"model": "auth.permission", "pk": 21, "fields": {"name": "Can add session", "content_type": 6, "codename": "add_session"}}, {"model": "auth.permission", "pk": 22, "fields": {"name": "Can change session", "content_type": 6, "codename": "change_session"}}, {"model": "auth.permission", "pk": 23, "fields": {"name": "Can delete session", "content_type": 6, "codename": "delete_session"}}, {"model": "auth.permission", "pk": 24, "fields": {"name": "Can view session", "content_type": 6, "codename": "view_session"}}, {"model": "auth.permission", "pk": 25, "fields": {"name": "Can add promo", "content_type": 7, "codename": "add_promo"}}, {"model": "auth.permission", "pk": 26, "fields": {"name": "Can change promo", "content_type": 7, "codename": "change_promo"}}, {"model": "auth.permission", "pk": 27, "fields": {"name": "Can delete promo", "content_type": 7, "codename": "delete_promo"}}, {"model": "auth.permission", "pk": 28, "fields": {"name": "Can view promo", "content_type": 7, "codename": "view_promo"}}, {"model": "auth.permission", "pk": 29, "fields": {"name": "Can add popular", "content_type": 8, "codename": "add_popular"}}, {"model": "auth.permission", "pk": 30, "fields": {"name": "Can change popular", "content_type": 8, "codename": "change_popular"}}, {"model": "auth.permission", "pk": 31, "fields": {"name": "Can delete popular", "content_type": 8, "codename": "delete_popular"}}, {"model": "auth.permission", "pk": 32, "fields": {"name": "Can view popular", "content_type": 8, "codename": "view_popular"}}, {"model": "auth.permission", "pk": 33, "fields": {"name": "Can add category", "content_type": 9, "codename": "add_category"}}, {"model": "auth.permission", "pk": 34, "fields": {"name": "Can change category", "content_type": 9, "codename": "change_category"}}, {"model": "auth.permission", "pk": 35, "fields": {"name": "Can delete category", "content_type": 9, "codename": "delete_category"}}, {"model": "auth.permission", "pk": 36, "fields": {"name": "Can view category", "content_type": 9, "codename": "view_category"}}, {"model": "auth.permission", "pk": 37, "fields": {"name": "Can add product", "content_type": 10, "codename": "add_product"}}, {"model": "auth.permission", "pk": 38, "fields": {"name": "Can change product", "content_type": 10, "codename": "change_product"}}, {"model": "auth.permission", "pk": 39, "fields": {"name": "Can delete product", "content_type": 10, "codename": "delete_product"}}, {"model": "auth.permission", "pk": 40, "fields": {"name": "Can view product", "content_type": 10, "codename": "view_product"}}, {"model": "auth.permission", "pk": 41, "fields": {"name": "Can add lunch", "content_type": 11, "codename": "add_lunch"}}, {"model": "auth.permission", "pk": 42, "fields": {"name": "Can change lunch", "content_type": 11, "codename": "change_lunch"}}, {"model": "auth.permission", "pk": 43, "fields": {"name": "Can delete lunch", "content_type": 11, "codename": "delete_lunch"}}, {"model": "auth.permission", "pk": 44, "fields": {"name": "Can view lunch", "content_type": 11, "codename": "view_lunch"}}, {"model": "auth.permission", "pk": 45, "fields": {"name": "Can add dinner", "content_type": 12, "codename": "add_dinner"}}, {"model": "auth.permission", "pk": 46, "fields": {"name": "Can change dinner", "content_type": 12, "codename": "change_dinner"}}, {"model": "auth.permission", "pk": 47, "fields": {"name": "Can delete dinner", "content_type": 12, "codename": "delete_dinner"}}, {"model": "auth.permission", "pk": 48, "fields": {"name": "Can view dinner", "content_type": 12, "codename": "view_dinner"}}, {"model": "auth.permission", "pk": 49, "fields": {"name": "Can add breakfast", "content_type": 13, "codename": "add_breakfast"}}, {"model": "auth.permission", "pk": 50, "fields": {"name": "Can change breakfast", "content_type": 13, "codename": "change_breakfast"}}, {"model": "auth.permission", "pk": 51, "fields": {"name": "Can delete breakfast", "content_type": 13, "codename": "delete_breakfast"}}, {"model": "auth.permission", "pk": 52, "fields": {"name": "Can view breakfast", "content_type": 13, "codename": "view_breakfast"}}, {"model": "auth.permission", "pk": 53, "fields": {"name": "Can add lunche", "content_type": 14, "codename": "add_lunche"}}, {"model": "auth.permission", "pk": 54, "fields": {"name": "Can change lunche", "content_type": 14, "codename": "change_lunche"}}, {"model": "auth.permission", "pk": 55, "fields": {"name": "Can delete lunche", "content_type": 14, "codename": "delete_lunche"}}, {"model": "auth.permission", "pk": 56, "fields": {"name": "Can view lunche", "content_type": 14, "codename": "view_lunche"}}, {"model": "auth.permission", "pk": 57, "fields": {"name": "Can add chef", "content_type": 15, "codename": "add_chef"}}, {"model": "auth.permission", "pk": 58, "fields": {"name": "Can change chef", "content_type": 15, "codename": "change_chef"}}, {"model": "auth.permission", "pk": 59, "fields": {"name": "Can delete chef", "content_type": 15, "codename": "delete_chef"}}, {"model": "auth.permission", "pk": 60, "fields": {"name": "Can view chef", "content_type": 15, "codename": "view_chef"}}, {"model": "auth.permission", "pk": 61, "fields": {"name": "Can add product", "content_type": 16, "codename": "add_product"}}, {"model": "auth.permission", "pk": 62, "fields": {"name": "Can change product", "content_type": 16, "codename": "change_product"}}, {"model": "auth.permission", "pk": 63, "fields": {"name": "Can delete product", "content_type": 16, "codename": "delete_product"}}, {"model": "auth.permission", "pk": 64, "fields": {"name": "Can view product", "content_type": 16, "codename": "view_product"}}, {"model": "auth.permission", "pk": 65, "fields": {"name": "Can add category", "content_type": 17, "codename": "add_category"}}, {"model": "auth.permission", "pk": 66, "fields": {"name": "Can change category", "content_type": 17, "codename": "change_category"}}, {"model": "auth.permission", "pk": 67, "fields": {"name": "Can delete category", "content_type": 17, "codename": "delete_category"}}, {"model": "auth.permission", "pk": 68, "fields": {"name": "Can view category", "content_type": 17, "codename": "view_category"}}, {"model": "auth.permission", "pk": 69, "fields": {"name": "Can add cart order items", "content_type": 18, "codename": "add_cartorderitems"}}, {"model": "auth.permission", "pk": 70, "fields": {"name": "Can change cart order items", "content_type": 18, "codename": "change_cartorderitems"}}, {"model": "auth.permission", "pk": 71, "fields": {"name": "Can delete cart order items", "content_type": 18, "codename": "delete_cartorderitems"}}, {"model": "auth.permission", "pk": 72, "fields": {"name": "Can view cart order items", "content_type": 18, "codename": "view_cartorderitems"}}, {"model": "auth.permission", "pk": 73, "fields": {"name": "Can add cart order", "content_type": 19, "codename": "add_cartorder"}}, {"model": "auth.permission", "pk": 74, "fields": {"name": "Can change cart order", "content_type": 19, "codename": "change_cartorder"}}, {"model": "auth.permission", "pk": 75, "fields": {"name": "Can delete cart order", "content_type": 19, "codename": "delete_cartorder"}}, {"model": "auth.permission", "pk": 76, "fields": {"name": "Can view cart order", "content_type": 19, "codename": "view_cartorder"}}, {"model": "auth.permission", "pk": 77, "fields": {"name": "Can add pinned application", "content_type": 20, "codename": "add_pinnedapplication"}}, {"model": "auth.permission", "pk": 78, "fields": {"name": "Can change pinned application", "content_type": 20, "codename": "change_pinnedapplication"}}, {"model": "auth.permission", "pk": 79, "fields": {"name": "Can delete pinned application", "content_type": 20, "codename": "delete_pinnedapplication"}}, {"model": "auth.permission", "pk": 80, "fields": {"name": "Can view pinned application", "content_type": 20, "codename": "view_pinnedapplication"}}, {"model": "auth.permission", "pk": 81, "fields": {"name": "Can add bookmark", "content_type": 21, "codename": "add_bookmark"}}, {"model": "auth.permission", "pk": 82, "fields": {"name": "Can change bookmark", "content_type": 21, "codename": "change_bookmark"}}, {"model": "auth.permission", "pk": 83, "fields": {"name": "Can delete bookmark", "content_type": 21, "codename": "delete_bookmark"}}, {"model": "auth.permission", "pk": 84, "fields": {"name": "Can view bookmark", "content_type": 21, "codename": "view_bookmark"}}, {"model": "auth.permission", "pk": 85, "fields": {"name": "Can add user dashboard module", "content_type": 22, "codename": "add_userdashboardmodule"}}, {"model": "auth.permission", "pk": 86, "fields": {"name": "Can change user dashboard module", "content_type": 22, "codename": "change_userdashboardmodule"}}, {"model": "auth.permission", "pk": 87, "fields": {"name": "Can delete user dashboard module", "content_type": 22, "codename": "delete_userdashboardmodule"}}, {"model": "auth.permission", "pk": 88, "fields": {"name": "Can view user dashboard module", "content_type": 22, "codename": "view_userdashboardmodule"}}, {"model": "auth.permission", "pk": 89, "fields": {"name": "Can add PayPal IPN", "content_type": 23, "codename": "add_paypalipn"}}, {"model": "auth.permission", "pk": 90, "fields": {"name": "Can change PayPal IPN", "content_type": 23, "codename": "change_paypalipn"}}, {"model": "auth.permission", "pk": 91, "fields": {"name": "Can delete PayPal IPN", "content_type": 23, "codename": "delete_paypalipn"}}, {"model": "auth.permission", "pk": 92, "fields": {"name": "Can view PayPal IPN", "content_type": 23, "codename": "view_paypalipn"}}, {"model": "auth.user", "pk": 1, "fields": {"password": "pbkdf2_sha256$390000$jjyCHemAvz0g1xZYEgWDkK$zbFPkBBnrugGKCLNeXsf8HE6vdY/82EwohayFmupzOQ=", "last_login": "2022-10-06T19:14:27.855Z", "is_superuser": true, "username": "admin", "first_name": "", "last_name": "", "email": "adebimpehabeeb10@gmail.com", "is_staff": true, "is_active": true, "date_joined": "2022-08-17T04:50:58.964Z", "groups": [], "user_permissions": []}}, {"model": "auth.user", "pk": 2, "fields": {"password": "pbkdf2_sha256$390000$6Q7AjEMiTR4PGlVFF05nil$zlT9wKbhGqyPZakxtbUPdjPuNEJiXMgrhPQH0JeNBuU=", "last_login": "2022-09-12T16:09:56.878Z", "is_superuser": false, "username": "Comrade", "first_name": "", "last_name": "", "email": "adebimpehabeeb10@gmail.com", "is_staff": false, "is_active": true, "date_joined": "2022-08-17T05:00:06Z", "groups": [], "user_permissions": []}}, {"model": "auth.user", "pk": 3, "fields": {"password": "pbkdf2_sha256$390000$dYHiKDjVZbo2OSsalKFl11$PTaCZDbI97LGHj0WeDNPy7brjHSase+Zm64wtFaDkcg=", "last_login": "2022-08-31T13:37:29.373Z", "is_superuser": false, "username": "hp", "first_name": "", "last_name": "", "email": "adebimpehabeeb10@gmail.com", "is_staff": false, "is_active": true, "date_joined": "2022-08-17T05:18:04.933Z", "groups": [], "user_permissions": []}}, {"model": "auth.user", "pk": 4, "fields": {"password": "pbkdf2_sha256$390000$6XH5czbe2RKjAQ78K3bVag$eYylYz1zZw7ArmTM9hwvRHab726FXl67eXfZ5UUQQv4=", "last_login": "2022-08-17T16:13:21.529Z", "is_superuser": false, "username": "wale", "first_name": "", "last_name": "", "email": "adebimpehabeeb8@gmail.com", "is_staff": false, "is_active": true, "date_joined": "2022-08-17T16:12:59.111Z", "groups": [], "user_permissions": []}}, {"model": "auth.user", "pk": 5, "fields": {"password": "pbkdf2_sha256$390000$tLY6MvRa9b2LqphHYLIRQE$F8hyWCDX5BFF6O8NoNyGkTlmBnSsy66Ot/XCzGJDpUM=", "last_login": "2022-10-06T11:37:03.335Z", "is_superuser": false, "username": "authadmin", "first_name": "", "last_name": "", "email": "", "is_staff": false, "is_active": true, "date_joined": "2022-08-17T16:24:54.112Z", "groups": [], "user_permissions": []}}, {"model": "auth.user", "pk": 6, "fields": {"password": "pbkdf2_sha256$390000$GurSzdexdnejcIa7vnjKSj$BcR1RmRHpjd/lRngHMgqaEGHKIprSgM9DPq11YFBreE=", "last_login": null, "is_superuser": false, "username": "Comrad", "first_name": "", "last_name": "", "email": "adebimpehabeeb10@gmail.com", "is_staff": false, "is_active": true, "date_joined": "2022-08-18T12:10:57.263Z", "groups": [], "user_permissions": []}}, {"model": "auth.user", "pk": 7, "fields": {"password": "pbkdf2_sha256$390000$mhCX0gyY8bSjXIWDLcKQbz$xD9yfhBwMd/iN6mLO8UTIEq2gieX6KnghnuVjUS8YMo=", "last_login": "2022-10-06T13:41:53.371Z", "is_superuser": false, "username": "Boss", "first_name": "", "last_name": "", "email": "adebimpehabeeb10@gmail.com", "is_staff": false, "is_active": true, "date_joined": "2022-08-19T20:38:42.518Z", "groups": [], "user_permissions": []}}, {"model": "auth.user", "pk": 8, "fields": {"password": "pbkdf2_sha256$390000$5rDrAs9hDDW6fBXeZkXBIg$vur/UX5mzcSSfL0hrTSzX8s/4X/N+g+OgsySwkbB+tM=", "last_login": "2022-08-24T16:18:52.609Z", "is_superuser": true, "username": "Admin", "first_name": "", "last_name": "", "email": "a@a.com", "is_staff": true, "is_active": true, "date_joined": "2022-08-24T16:18:35.421Z", "groups": [], "user_permissions": []}}, {"model": "auth.user", "pk": 9, "fields": {"password": "pbkdf2_sha256$390000$LAZjsPCYUKQGhR7RrH7k2W$dozIqMnXGH0nXbl5WAtkhnF8T7sYhZDkthmblRzHp1k=", "last_login": "2022-10-06T13:49:53.003Z", "is_superuser": false, "username": "newUser", "first_name": "", "last_name": "", "email": "adebimpehabeeb10@gmail.com", "is_staff": false, "is_active": true, "date_joined": "2022-10-06T13:49:41.622Z", "groups": [], "user_permissions": []}}, {"model": "auth.user", "pk": 10, "fields": {"password": "pbkdf2_sha256$390000$FZlthdPXfwMngGUbXYtVPP$Kd2wI5a108jzdNF254RYmGtmp1la38xV7HVLATeRCIE=", "last_login": null, "is_superuser": true, "username": "admini", "first_name": "", "last_name": "", "email": "w@gmail.com", "is_staff": true, "is_active": true, "date_joined": "2022-12-13T12:26:51.238Z", "groups": [], "user_permissions": []}}, {"model": "auth.user", "pk": 11, "fields": {"password": "pbkdf2_sha256$390000$zQR2mwVJ9s5KaGsWZNALus$Dy1ilodaBF5KQVIvMcvJDMEE6ejWsaAtQ5iiipz/F8M=", "last_login": null, "is_superuser": true, "username": "adm", "first_name": "", "last_name": "", "email": "a@gmail.com", "is_staff": true, "is_active": true, "date_joined": "2022-12-13T13:51:33.954Z", "groups": [], "user_permissions": []}}, {"model": "contenttypes.contenttype", "pk": 1, "fields": {"app_label": "admin", "model": "logentry"}}, {"model": "contenttypes.contenttype", "pk": 2, "fields": {"app_label": "auth", "model": "permission"}}, {"model": "contenttypes.contenttype", "pk": 3, "fields": {"app_label": "auth", "model": "group"}}, {"model": "contenttypes.contenttype", "pk": 4, "fields": {"app_label": "auth", "model": "user"}}, {"model": "contenttypes.contenttype", "pk": 5, "fields": {"app_label": "contenttypes", "model": "contenttype"}}, {"model": "contenttypes.contenttype", "pk": 6, "fields": {"app_label": "sessions", "model": "session"}}, {"model": "contenttypes.contenttype", "pk": 7, "fields": {"app_label": "general", "model": "promo"}}, {"model": "contenttypes.contenttype", "pk": 8, "fields": {"app_label": "general", "model": "popular"}}, {"model": "contenttypes.contenttype", "pk": 9, "fields": {"app_label": "general", "model": "category"}}, {"model": "contenttypes.contenttype", "pk": 10, "fields": {"app_label": "general", "model": "product"}}, {"model": "contenttypes.contenttype", "pk": 11, "fields": {"app_label": "general", "model": "lunch"}}, {"model": "contenttypes.contenttype", "pk": 12, "fields": {"app_label": "general", "model": "dinner"}}, {"model": "contenttypes.contenttype", "pk": 13, "fields": {"app_label": "general", "model": "breakfast"}}, {"model": "contenttypes.contenttype", "pk": 14, "fields": {"app_label": "general", "model": "lunche"}}, {"model": "contenttypes.contenttype", "pk": 15, "fields": {"app_label": "general", "model": "chef"}}, {"model": "contenttypes.contenttype", "pk": 16, "fields": {"app_label": "shop", "model": "product"}}, {"model": "contenttypes.contenttype", "pk": 17, "fields": {"app_label": "shop", "model": "category"}}, {"model": "contenttypes.contenttype", "pk": 18, "fields": {"app_label": "shop", "model": "cartorderitems"}}, {"model": "contenttypes.contenttype", "pk": 19, "fields": {"app_label": "shop", "model": "cartorder"}}, {"model": "contenttypes.contenttype", "pk": 20, "fields": {"app_label": "jet", "model": "pinnedapplication"}}, {"model": "contenttypes.contenttype", "pk": 21, "fields": {"app_label": "jet", "model": "bookmark"}}, {"model": "contenttypes.contenttype", "pk": 22, "fields": {"app_label": "dashboard", "model": "userdashboardmodule"}}, {"model": "contenttypes.contenttype", "pk": 23, "fields": {"app_label": "ipn", "model": "paypalipn"}}, {"model": "sessions.session", "pk": "059isufb5jkc0bb6om3kpyzcq3p89cvm", "fields": {"session_data": ".eJyrVkpOLCpJSSxJVLKqVjIEEZm5iempSlZKBUX5KaXJJcX6SaVF6alF8VXeISEWzp56WQXpSjpKJZklOSBVTmBJoEBhSSWQawhkFRRlJoOkDC0MDJRqdZQssZqaVpSZmqKbnJGZnJ2ap1eQh2yoY3FxflFJaoqCb2piCcxsQ4TJxiYgk2trAfj6PMU:1oeD0L:iTxmQnYKx_Y0yYiYhv8tMR4-H8Oc_-WuvJuI_l0bYNU", "expire_date": "2022-10-14T10:12:25.705Z"}}, {"model": "sessions.session", "pk": "181xebc8mlc9bmgdtqgq5nat9ve98m5r", "fields": {"session_data": ".eJyFjs1OwzAQhF8F-YyDnSap0yNI3ODAkUu09rqJm8ZO_SNUVX13bNEDlZC4rFY7s9_MhSjwESEC2V3Itoxo4lGTHXn1RuPDy2TUrC15JGaBsdxX7zCpGJ4kzBqp-jFQ9GkJMe-BTs7qM11SiOCRLuCNBdTVYR0z5hTPGcLztnqjCrBuGSPXR9L-Tv9wEGLG_5t_SmCOga6QK4CfqQQ1j94li0Mt6p5uGsaH9nPfG_lefWm5_tmhYaVDLjFAitOQgvaDwSxsyd2t0LUtAh7Ajq5SzkZvZFUs1U0N1ZtDfXy-ee8AE4Qpf_ecCSk57hmg2CjGUDUc2k52W9510O5B1FxLwTaCcdE1UDcCa45tx0UDrCfXb_2hj_8:1oee5q:78lgItLY3X6zBuLWPhPviMk3-6-1iYkJ4gFnpSBngnc", "expire_date": "2022-10-15T15:07:54.338Z"}}, {"model": "sessions.session", "pk": "2xwo1qj5nclupzpytmito5gr0aoi5r0f", "fields": {"session_data": ".eJxVjE1uwyAUhK9SvXVMARuCs0yl7noG6_ETm8QxFLDUKPLdi6VsshmN5puZJxhMxWJBOD2BtbsWX2YHJ_gKafn4nvHmMhzA33Hc05iCXU3Jn9H9uTk32WnMxePSmHCvGqdQwpgwTo-mlaJXkpNrHOvDb3nUPasuJm_2Ly4ohW07wIBrmYY1uzR4W8ER3jKN5uaWHdgrLmMgJiwleU32CnnRTH6CdfP51X07mDBPdd0zqrRm9kLRqtZQak3HUEgtj0xKFBdUnDmtaKsoU7JD3inLmRWSqQ5pD9s_bZZiKQ:1p52qI:Zk9QmBptUQegVbj0e1faWXD4Q8W3H9PpNveIIwYDtTk", "expire_date": "2022-12-27T10:48:58.474Z"}}, {"model": "sessions.session", "pk": "324pmvxcdl9csx2no2lu4arch8esny32", "fields": {"session_data": ".eJx9jbEKAjEQRH9Ftr4o14hcqZXayfUSk724EtlcboPokX83sbIQm2GYeczMYHQUq0VDN0NbRUg8QgfbFB1GaIDu2tUgRLbJyLS6fJrz69j3m91-eQuuUKM8C9MWFyKZykNuYP29eGDveVicav1j1qInQ5wmNTBb9biSoApeC_65yPkNV00_qg:1oeEAy:rpj6NSo8JFYJ1G8CSTKHv4LT0mp47ZHNiBTys_QKnqU", "expire_date": "2022-10-14T11:27:28.655Z"}}, {"model": "sessions.session", "pk": "4ji6z2s50by6itu2yjvgxb4xz5htk5g3", "fields": {"session_data": ".eJwVjMsKgzAQRX-lzLppfaC0bgv9jzEOMW00YzKFiuTfTTaHyzlwD9AYZEJBGA6o20K7oCEYgIOfflrinelPLqpII0axuCrtl0yevXgTkOddtX33fPTN7cMGriBWXHl4-bBe3g6_FLPdZM-uzouD1aU3XVVBSukEEfIr-g:1odx21:ZxnasZDglXVQjHKiQM-MAzmasyrJhIU-AnwXtpVxoUk", "expire_date": "2022-10-13T17:09:05.182Z"}}, {"model": "sessions.session", "pk": "6mh4476qe93akm4224phhe1kz78pv52m", "fields": {"session_data": "eyJjYXJ0ZGF0YSI6eyI0Ijp7InRpdGxlIjoiU3ViLXNhbmR3aWNoZXMiLCJxdHkiOiIxIiwicHJpY2UiOiIzNTAwIn19fQ:1odkma:5d66luQTQRHnvsNyjd-T7EAtTuhPu66oAr6oAe1DOPw", "expire_date": "2022-10-13T04:04:20.419Z"}}, {"model": "sessions.session", "pk": "71c2789b33t266wx2j715295sinz01uc", "fields": {"session_data": ".eJx1kD1vgzAQhv8KuhmnYL4S1mwdOrRS18gxF2LkYNccQVXEfy8mUuNK6XLLPfc-r30DKRw1ggTUN0i5n6RII9SwF84Zij6saM9IpCAGdRGtX1lnmlHS8CJXhg0Ls-lsuyBf9A11Fi-Ikh7lRZLAHEMZRr8arc0pevfIk9QGtZLKjAM7GdOw6awImdWCMJRACg9NXhWrJgs1b8u1xuGZor-vDlN-lJ9dGeamQfntvfz2z78YafqRon_rd-vrWF4WuyqvDumOJ8zhxVzx2DLr8Kpw2tj-V8gfwox74Tz_ANiHgwU:1oeI3R:A4EFZlGpIM6FGRwBlDatzzVIsRF7kVpgRREA43lM2gg", "expire_date": "2022-10-14T15:35:57.448Z"}}, {"model": "sessions.session", "pk": "80lt3uipikm3qkh72tb77h878e2py5ay", "fields": {"session_data": ".eJyrVkpOLCpJSSxJVLKqVjIEEZm5iempSlZKBUX5KaXJJcX6SaVF6alF8VXeISEWzp56WQXpSjpKJZklOSBVTmBJoEBhSaWSlaEOUFtmMkjC0MLAQKm2thYAV6gfwg:1odskw:H4axu3YnwPNU1Ro20ZyxWNOwYSbDZcP9Rwo94QIq03M", "expire_date": "2022-10-13T12:35:10.148Z"}}, {"model": "sessions.session", "pk": "gncpwxuy6nasxnnh12zq62a02tyrh8wf", "fields": {"session_data": ".eJxtzU0OgjAQBeCrmFkD8h9hZ0zceYixHaECbW3HREK4u3SjLty8TCZ531tAoGOJjNAukBUhWfFI0MLJOL07jziQhwjUhF34WmfkU7DfW3rR6GNPV_SsUMfCTFva3rDpHNp-jou6ag51ntxttwkPnrd-tl3WKRGsvEpTWCNofmeP3hvHJHcXQv43fHOKZCx6JQbSidUfu_zKRRnkdX0DcAxIvA:1oeFDd:0JjMvDr0xr7kN5RvMCl6B2rTa1x-8kIt0cYlKHgUn6g", "expire_date": "2022-10-14T12:34:17.244Z"}}, {"model": "sessions.session", "pk": "hhv25nk3gneyr3efmwhpz4oigcugoy4n", "fields": {"session_data": ".eJxVjDsOwjAQBe_iGlk2G_8o6TmDtetdcAA5UpxUiLtDpBTQvpl5L5VxXWpeu8x5ZHVSVh1-N8LykLYBvmO7TbpMbZlH0puid9r1ZWJ5nnf376Bir9_aUxRDQzQW2NCxBAQPAJFiSoatuFiSE2QfXQAx6D1eE6OkoQjYwOr9AdLVN9w:1oZWhi:rZlBqiuTSo93H8QptZiSMz-2ONv_lOp1U1NV6v1Zcc8", "expire_date": "2022-10-01T12:13:50.025Z"}}, {"model": "sessions.session", "pk": "kqc06nxmnzg42pl9up0w1inyv0gm65c5", "fields": {"session_data": ".eJx1jTsOwjAQRK8STR1D-CO3dJTcwLKdsMiwjrMWQpHvTlxQ0ow0I715M6xJ4owY6BnnGkISPDQubPmVpWluZD1ajPKB3rSIqXaN3bbrUFocK0RPM9QxJnbZyrR2PpAlzpPqmZ1630m8isGIXz3isNz9NFcOgft_kv3psEhK-QLIRzXb:1odwc1:Vq7Bn6_6TAzuZ45t9S2qaa1P8gwQxe-DTHoa8iqdC7Q", "expire_date": "2022-10-13T16:42:13.011Z"}}, {"model": "sessions.session", "pk": "rsasybxq5773t9f3o3aich57b94vm1v2", "fields": {"session_data": ".eJxVjLtuwzAMRf-Fs6FIpazEGdvZQKZ0NKiXrTxsR5aHJvC_VwKyZCF4ec7lCwzFZCkRHF8geJkppJuDI5zC80lQQbhTX_IcJ7uatOzmArr2546_Z8Muc5-lR_rLSp23OQZTdFScw7ZV0NGahm5dXOyCzUDAx02TubqxAHuhsZ-YmcYUg2ZFYW-6sHay7vb9dj8eDLQMua1INKZGqVAjCqOFrzk1SpNVvNF7h1pK3IuaW4lCNPzgDk5K71F_ec-tg-0fkcBWWw:1ogWKB:vo1iXacVIpHW6ihSsbnz2GeYfsU693-3VamoaILWy2Q", "expire_date": "2022-10-20T19:14:27.972Z"}}, {"model": "sessions.session", "pk": "sjwuun2alui6jloc6e0wxderw0bul53o", "fields": {"session_data": ".eJyrVkpOLCpJSSxJVLKqVjIEESWZJTmpSlZKTqVF6alFSjpKhSWVQK4xkFVQlJkMkjK0MDBQqtVRMkFWH1yapFucmJdSnpmckVoM16driKTR2BSksbYWAIC5I5s:1odkdC:3jjJ0T1bBIcNu_lB43WQkB-YMVceVz-sEA9t0F35nOU", "expire_date": "2022-10-13T03:54:38.452Z"}}, {"model": "sessions.session", "pk": "sx4f0rth459g8a7nybmjaottga1qvea6", "fields": {"session_data": ".eJyrVkpOLCpJSSxJVLKqVjIEEZm5iempSlZKBUX5KaXJJcX6SaVF6alF8VXeISEWzp56WQXpSjpKJZklOSBVTmBJoEBhSSWQawhkFRRlJoOkDC0MDJRqa2sBkckgBg:1odwpB:1un3R_hOrITg55ggEe60CSgQ3cbXvL-DlYzjWvW1woo", "expire_date": "2022-10-13T16:55:49.571Z"}}, {"model": "sessions.session", "pk": "t5txyzori0xf88izp0fbkmcjqwiale5v", "fields": {"session_data": ".eJxVjMsOwiAQRf-FtSHDG1y69xsIw1CpGkhKuzL-uzbpQrf3nHNfLKZtrXEbZYkzsTMT7PS7YcqP0nZA99Runefe1mVGviv8oINfO5Xn5XD_Dmoa9VuDzxqVkpacEyE4K7QMQFIr6xFQeIWeEIsGZ4iEmXT2AawJJZkJkmLvD64TNuU:1oOLrN:LPKqhtDC1prS-Uxtx7OguKlwb66uINKmK7WIGj1bAQQ", "expire_date": "2022-08-31T16:25:37.345Z"}}, {"model": "sessions.session", "pk": "t85uzmkdl1aku4s1x46jmw0ewgo2dt29", "fields": {"session_data": ".eJyrVkpOLCpJSSxJVLKqVjI0AJElmSU5qUpWSgGZVVWJSjpKmbmJ6SB-QVF-SmlySbF-AUgi3tc51zg8LFkvqyAdqKiwpBKoxBDIKijKTAYpV6qtrQUA2uYeyg:1oeDq9:lb1jJY7msnQitmMBKOdCKJ7A2GD11JsO-er5qyGim1w", "expire_date": "2022-10-14T11:05:57.263Z"}}, {"model": "sessions.session", "pk": "tg30iwhlve3c9w26usfl8tqat7ggtoza", "fields": {"session_data": ".eJyrVkpOLCpJSSxJVLKqVjIEEZm5iempSlZKBUX5KaXJJcX6SaVF6alF8VXeISEWzp56WQXpSjpKJZklOSBVTmBJoEBhSSWQawhkFRRlJoOkDC0MDJRqa2sBkckgBg:1oe3pi:ez24tjPfTl8TLoKxJW00bXQgkmuM3YAY2HBC4yNQGD0", "expire_date": "2022-10-14T00:24:50.102Z"}}, {"model": "sessions.session", "pk": "uuqf50dfuay4pwy1bf9ilrwn7pzdqto8", "fields": {"session_data": ".eJxtj80OgjAQhF_F7Bmw_Aa4eVcvJl5JaSsUocW2SAzh3S3hICZcNpvd2W92JiBYGYoNhnyCcCmGm5ZBDlcpacs0OMA7XC2TXkk6EKOPYl0VY1SSe5N4TV9Z2ct8rCixXa84WQ6CFCGYHci23JPWUhlGDxeGzR79oTijLqk5eTLh9eLH9jfsMFrZ0ZZ9G0pXY0FHTur91zVuOync2E9RGBR-FqDCBj2z8P2XAm2d4sVpnr-kpF6c:1oeIhk:omO4SWYWACE7nnZKsJwGpiYphJ3Y0Q4QytVDNEmWYCQ", "expire_date": "2022-10-14T16:17:36.058Z"}}, {"model": "sessions.session", "pk": "x0uzbu07leq7hknjfhge0st933j1o371", "fields": {"session_data": ".eJxVkEFuwyAQRa9Ssa5dbAKGLFOpu57BGmBqSBxDAUuNIt-9RvKi3fzF_2_eYp5khLW4cc2YRm_JmXTk9W-nwdxwqYO9wjKF1oSlJK_birTHmtvPYHG-HOw_gYPs9muhJVJ9krRjlureDMAEY0xqqRS1HXJpFEewQvKBIQUh4EtZQHUyyLqhSg2kYqEAOT9Jx2oWX2bc5e8hLS8fM9ww75y_w1TbmIJdTclvEX9wzk1GDbl4WBoT7ntGF0qYEkT3aJjgSoq-vcZpN3yXx_GJmLyprp5TSrZt-wVVgGMJ:1ogQ4N:rMn8oitfaraR8odiuwWmHGBZxMWVeczyrL1c7Qv0Oes", "expire_date": "2022-10-20T12:33:43.775Z"}}, {"model": "sessions.session", "pk": "yvcblt26u5fy44ykb953qmio5ya7unxv", "fields": {"session_data": ".eJxtjD1PwzAQQP8K8lyMnQ_X7QgzLEis0dnnJg4hDvZFCFX979jQoZFYTqd7796ZWYiEQMCOZyarMsnT5NiRPUGMge5eF-gHR-TZjvkP6AtaYsDVUnqwv859yg4flz4rn_SdhTpvS_S2yFUrBLvs8u0m_hICTi7915z_UPfVGPs2qk1X3nZ16eZwBysN3Zpc7DxmsGebmwH77uYCcIS5D9yGmaI3vCj8ShN_Duimx6u7CQyQhvx9kEIbI_EkAHVthUDbSGiVUXupFLQn0JV0RotaC6lVA1WjsZLYKqkbEAd2-QG5InUR:1oeeWa:e-__HRdB-L3JoVZbtR72RrqLeXPuuR-VkECPuHokqDI", "expire_date": "2022-10-15T15:35:32.624Z"}}, {"model": "sessions.session", "pk": "zr19tnwbi3imp2zlpwbsdw0wtkkxzezw", "fields": {"session_data": ".eJxVjDsOwjAQBe_iGlk2G_8o6TmDtetdcAA5UpxUiLtDpBTQvpl5L5VxXWpeu8x5ZHVSVh1-N8LykLYBvmO7TbpMbZlH0puid9r1ZWJ5nnf376Bir9_aUxRDQzQW2NCxBAQPAJFiSoatuFiSE2QfXQAx6D1eE6OkoQjYwOr9AdLVN9w:1oUzyh:pBRjeL1QdovsJiYiLGxoFxLFquoEMv68vloLq0Pa_aM", "expire_date": "2022-09-19T00:28:39.333Z"}}, {"model": "general.promo", "pk": 1, "fields": {"title": "Assorted Meat", "slug": "assorted-meat", "days_left": "6", "image": "promo_images/baked-quails-pan-dark-background_2829-3401.webp", "percentage_off": "15", "price": "5,000"}}, {"model": "general.promo", "pk": 2, "fields": {"title": "Jollof Rice", "slug": "jollof-rice", "days_left": "10", "image": "promo_images/jollof-4659747_1920.jpg", "percentage_off": "10", "price": "4500"}}, {"model": "general.promo", "pk": 3, "fields": {"title": "Burger", "slug": "burger", "days_left": "4", "image": "promo_images/salmon-518032_1920.jpg", "percentage_off": "5", "price": "3200"}}, {"model": "general.promo", "pk": 6, "fields": {"title": "Fried Chicken", "slug": "fried-chicken", "days_left": "6", "image": "promo_images/baked-chicken-drumsticks-honey-mustard-marinade_13ZuxRR.jpg", "percentage_off": "5", "price": "1800"}}, {"model": "general.breakfast", "pk": 1, "fields": {"title": "Breakfast", "slug": "breakfast1", "image": "products/baked-quails-pan-dark-background_2829-3401.webp", "price": 4000}}, {"model": "general.breakfast", "pk": 2, "fields": {"title": "Breakfast", "slug": "breakfast2", "image": "products/jollof-4659747_1920.jpg", "price": 2500}}, {"model": "general.breakfast", "pk": 3, "fields": {"title": "Breakfast", "slug": "breakfast3", "image": "products/hero-header.png", "price": 1500}}, {"model": "general.lunch", "pk": 1, "fields": {"title": "Lunch", "slug": "lunch1", "image": "products/burger.jpg", "price": 1800}}, {"model": "general.lunch", "pk": 2, "fields": {"title": "Lunch", "slug": "lunch2", "image": "products/pizza.jpg", "price": 2700}}, {"model": "general.lunch", "pk": 3, "fields": {"title": "Lunch", "slug": "lunch3", "image": "products/salmon-518032_1920.jpg", "price": 1900}}, {"model": "general.dinner", "pk": 1, "fields": {"title": "Dinner", "slug": "dinner1", "image": "products/pexels-engin-akyurt-2347383.jpg", "price": 1500}}, {"model": "general.dinner", "pk": 2, "fields": {"title": "Dinner", "slug": "dinner2", "image": "products/noodles.jpg", "price": 1500}}, {"model": "general.dinner", "pk": 3, "fields": {"title": "Dinner", "slug": "dinner3", "image": "products/xhero_bg.jpg.pagespeed.ic.08xBTGP0Gm.webp", "price": 1500}}, {"model": "general.chef", "pk": 1, "fields": {"name": "Geralld Sergio", "position": "Head Chef", "image": "chef-images/team-1.jpg", "instagram": "instagram.com", "twitter": "twitter.com", "facebook": "facebook.com"}}, {"model": "general.chef", "pk": 2, "fields": {"name": "Gomez Gerrald", "position": "Chef", "image": "chef-images/team-3.jpg", "instagram": "instagram.com", "twitter": "twitter.com", "facebook": "facebook.com"}}, {"model": "general.chef", "pk": 3, "fields": {"name": "Alex Robin", "position": "Chef", "image": "chef-images/team-2.jpg", "instagram": "instagram.com", "twitter": "twitter.com", "facebook": "facebook.com"}}, {"model": "general.chef", "pk": 4, "fields": {"name": "Kelvin Owens", "position": "Chef", "image": "chef-images/team-4.jpg", "instagram": "instagram.com", "twitter": "twitter.com", "facebook": "facebook.com"}}, {"model": "shop.category", "pk": 2, "fields": {"title": "Snacks", "image": "category/burger_0KOgOPo.jpg", "slug": "snacks"}}, {"model": "shop.category", "pk": 3, "fields": {"title": "Beef", "image": "category/pexels-lukas-618773.jpg", "slug": "beef"}}, {"model": "shop.category", "pk": 4, "fields": {"title": "Cereals", "image": "category/pexels-pixabay-265242.jpg", "slug": "cereals"}}, {"model": "shop.category", "pk": 8, "fields": {"title": "Balanced", "image": "category/delicious-food-white-plate.jpg", "slug": "balanced"}}, {"model": "shop.category", "pk": 9, "fields": {"title": "Chicken", "image": "category/baked-quails-pan-dark-background_2829-3401.webp", "slug": "chicken"}}, {"model": "shop.category", "pk": 10, "fields": {"title": "Local", "image": "category/black-plate-chicken-fried-meat-vegetable-salad_1.jpg", "slug": "local"}}, {"model": "shop.product", "pk": 1, "fields": {"title": "Burger", "slug": "burger", "image": "products/burger_zKTT8CI.jpg", "price": 1800, "status": true, "is_featured": true, "has_discount": true, "discount_days_left": 3, "percentage_off": 10, "price_before_discount": 2000, "category": [2]}}, {"model": "shop.product", "pk": 3, "fields": {"title": "Noodles", "slug": "noodles", "image": "products/noodles_w4bcVj6.jpg", "price": 2800, "status": true, "is_featured": true, "has_discount": true, "discount_days_left": 5, "percentage_off": 10, "price_before_discount": 3000, "category": [8]}}, {"model": "shop.product", "pk": 4, "fields": {"title": "Sub-sandwiches", "slug": "sub-sandwiches", "image": "products/salmon-518032_1920_NooLe3v.jpg", "price": 3500, "status": true, "is_featured": true, "has_discount": false, "discount_days_left": 0, "percentage_off": 0, "price_before_discount": 0, "category": [2, 3]}}, {"model": "shop.product", "pk": 5, "fields": {"title": "Roasted-Chicken", "slug": "roasted-chicken", "image": "products/baked-quails-pan-dark-background_2829-3401_5Zf9ibN.webp", "price": 4000, "status": true, "is_featured": true, "has_discount": true, "discount_days_left": 2, "percentage_off": 20, "price_before_discount": 5000, "category": [9]}}, {"model": "shop.product", "pk": 6, "fields": {"title": "Jollof Rice", "slug": "jollof-rice", "image": "products/delicious-food-white-plate.jpg", "price": 4750, "status": true, "is_featured": true, "has_discount": true, "discount_days_left": 9, "percentage_off": 5, "price_before_discount": 5000, "category": [8]}}, {"model": "shop.product", "pk": 7, "fields": {"title": "Fried Chicken", "slug": "fried-chicken", "image": "products/baked-chicken-drumsticks-honey-mustard-marinade.jpg", "price": 2500, "status": true, "is_featured": false, "has_discount": false, "discount_days_left": 0, "percentage_off": 0, "price_before_discount": 0, "category": [9]}}, {"model": "shop.product", "pk": 8, "fields": {"title": "Coconut  Rice", "slug": "coconut-rice", "image": "products/jollof-4659747_1920-removebg-preview.png", "price": 3200, "status": true, "is_featured": false, "has_discount": false, "discount_days_left": 0, "percentage_off": 0, "price_before_discount": 0, "category": [8]}}, {"model": "shop.product", "pk": 9, "fields": {"title": "Assorted Meat", "slug": "assorted-meat", "image": "products/fried-chicken.png", "price": 3400, "status": true, "is_featured": false, "has_discount": true, "discount_days_left": 7, "percentage_off": 15, "price_before_discount": 4000, "category": [3]}}, {"model": "shop.product", "pk": 10, "fields": {"title": "Pizza", "slug": "pizza", "image": "products/pizza_MCm3WVc.jpg", "price": 3600, "status": true, "is_featured": true, "has_discount": true, "discount_days_left": 9, "percentage_off": 10, "price_before_discount": 4000, "category": [2]}}, {"model": "shop.product", "pk": 11, "fields": {"title": "Spaghetti", "slug": "spaghetti", "image": "products/pexels-engin-akyurt-2347383_FGg8VDe.jpg", "price": 2700, "status": true, "is_featured": false, "has_discount": false, "discount_days_left": 0, "percentage_off": 0, "price_before_discount": 0, "category": [8]}}, {"model": "shop.product", "pk": 12, "fields": {"title": "Carrot Spaghetti", "slug": "carrot-spaghetti", "image": "products/carrot-spag.jpg", "price": 2500, "status": true, "is_featured": false, "has_discount": false, "discount_days_left": 0, "percentage_off": 0, "price_before_discount": 0, "category": [8]}}, {"model": "shop.product", "pk": 13, "fields": {"title": "Corn Flakes", "slug": "corn-flakes", "image": "products/pexels-sebastian-coman-photography-3659862.jpg", "price": 2500, "status": true, "is_featured": false, "has_discount": false, "discount_days_left": 0, "percentage_off": 0, "price_before_discount": 0, "category": [4]}}, {"model": "shop.cartorder", "pk": 1, "fields": {"user": 1, "total_amt": 5300.0, "paid_status": false, "order_dt": "2022-10-05T23:18:20.157Z", "order_status": "process"}}, {"model": "shop.cartorder", "pk": 2, "fields": {"user": 1, "total_amt": 5300.0, "paid_status": false, "order_dt": "2022-10-05T23:19:37.923Z", "order_status": "process"}}, {"model": "shop.cartorder", "pk": 3, "fields": {"user": 1, "total_amt": 5300.0, "paid_status": false, "order_dt": "2022-10-06T08:24:07.492Z", "order_status": "process"}}, {"model": "shop.cartorder", "pk": 4, "fields": {"user": 7, "total_amt": 2500.0, "paid_status": false, "order_dt": "2022-10-06T08:46:23.297Z", "order_status": "process"}}, {"model": "shop.cartorder", "pk": 5, "fields": {"user": 5, "total_amt": 2500.0, "paid_status": false, "order_dt": "2022-10-06T11:37:48.433Z", "order_status": "process"}}, {"model": "shop.cartorder", "pk": 6, "fields": {"user": 5, "total_amt": 2500.0, "paid_status": false, "order_dt": "2022-10-06T12:28:14.977Z", "order_status": "process"}}, {"model": "shop.cartorder", "pk": 7, "fields": {"user": 5, "total_amt": 2500.0, "paid_status": false, "order_dt": "2022-10-06T12:28:15.357Z", "order_status": "process"}}, {"model": "shop.cartorder", "pk": 8, "fields": {"user": 1, "total_amt": 2500.0, "paid_status": false, "order_dt": "2022-10-06T12:33:48.829Z", "order_status": "process"}}, {"model": "shop.cartorder", "pk": 9, "fields": {"user": 1, "total_amt": 2500.0, "paid_status": false, "order_dt": "2022-10-06T12:33:55.229Z", "order_status": "process"}}, {"model": "shop.cartorder", "pk": 10, "fields": {"user": 1, "total_amt": 2500.0, "paid_status": false, "order_dt": "2022-10-06T12:35:22.155Z", "order_status": "process"}}, {"model": "shop.cartorder", "pk": 11, "fields": {"user": 7, "total_amt": 8300.0, "paid_status": false, "order_dt": "2022-10-06T13:19:12.541Z", "order_status": "process"}}, {"model": "shop.cartorder", "pk": 12, "fields": {"user": 7, "total_amt": 20000.0, "paid_status": false, "order_dt": "2022-10-06T13:41:53.553Z", "order_status": "process"}}, {"model": "shop.cartorder", "pk": 13, "fields": {"user": 9, "total_amt": 24500.0, "paid_status": false, "order_dt": "2022-10-06T13:51:28.120Z", "order_status": "process"}}, {"model": "shop.cartorder", "pk": 14, "fields": {"user": 1, "total_amt": 54250.0, "paid_status": false, "order_dt": "2022-10-06T14:07:52.381Z", "order_status": "process"}}, {"model": "shop.cartorder", "pk": 15, "fields": {"user": 1, "total_amt": 22200.0, "paid_status": false, "order_dt": "2022-10-06T15:06:32.790Z", "order_status": "process"}}, {"model": "shop.cartorder", "pk": 16, "fields": {"user": 1, "total_amt": 3500.0, "paid_status": false, "order_dt": "2022-10-06T19:02:02.799Z", "order_status": "process"}}, {"model": "shop.cartorder", "pk": 17, "fields": {"user": 1, "total_amt": 3500.0, "paid_status": false, "order_dt": "2022-10-06T19:07:02.497Z", "order_status": "process"}}, {"model": "shop.cartorder", "pk": 18, "fields": {"user": 1, "total_amt": 54000.0, "paid_status": false, "order_dt": "2022-10-06T19:10:23.069Z", "order_status": "process"}}, {"model": "shop.cartorder", "pk": 19, "fields": {"user": 1, "total_amt": 18000.0, "paid_status": false, "order_dt": "2022-10-06T19:14:28.173Z", "order_status": "process"}}, {"model": "shop.cartorder", "pk": 20, "fields": {"user": 7, "total_amt": 2500.0, "paid_status": false, "order_dt": "2022-12-13T10:48:58.669Z", "order_status": "process"}}, {"model": "shop.cartorderitems", "pk": 1, "fields": {"order": 1, "invoice_no": "INV-1", "item": "Burger", "image": "products/burger_zKTT8CI.jpg", "qty": 1, "price": 1800.0, "total": 1800.0}}, {"model": "shop.cartorderitems", "pk": 2, "fields": {"order": 1, "invoice_no": "INV-1", "item": "Sub-sandwiches", "image": "products/salmon-518032_1920_NooLe3v.jpg", "qty": 1, "price": 3500.0, "total": 3500.0}}, {"model": "shop.cartorderitems", "pk": 3, "fields": {"order": 2, "invoice_no": "INV-2", "item": "Burger", "image": "products/burger_zKTT8CI.jpg", "qty": 1, "price": 1800.0, "total": 1800.0}}, {"model": "shop.cartorderitems", "pk": 4, "fields": {"order": 2, "invoice_no": "INV-2", "item": "Sub-sandwiches", "image": "products/salmon-518032_1920_NooLe3v.jpg", "qty": 1, "price": 3500.0, "total": 3500.0}}, {"model": "shop.cartorderitems", "pk": 5, "fields": {"order": 3, "invoice_no": "INV-3", "item": "Burger", "image": "products/burger_zKTT8CI.jpg", "qty": 1, "price": 1800.0, "total": 1800.0}}, {"model": "shop.cartorderitems", "pk": 6, "fields": {"order": 3, "invoice_no": "INV-3", "item": "Sub-sandwiches", "image": "products/salmon-518032_1920_NooLe3v.jpg", "qty": 1, "price": 3500.0, "total": 3500.0}}, {"model": "shop.cartorderitems", "pk": 7, "fields": {"order": 4, "invoice_no": "INV-4", "item": "Carrot Spaghetti", "image": "products/carrot-spag.jpg", "qty": 1, "price": 2500.0, "total": 2500.0}}, {"model": "shop.cartorderitems", "pk": 8, "fields": {"order": 5, "invoice_no": "INV-5", "item": "Fried Chicken", "image": "products/baked-chicken-drumsticks-honey-mustard-marinade.jpg", "qty": 1, "price": 2500.0, "total": 2500.0}}, {"model": "shop.cartorderitems", "pk": 9, "fields": {"order": 6, "invoice_no": "INV-6", "item": "Fried Chicken", "image": "products/baked-chicken-drumsticks-honey-mustard-marinade.jpg", "qty": 1, "price": 2500.0, "total": 2500.0}}, {"model": "shop.cartorderitems", "pk": 10, "fields": {"order": 7, "invoice_no": "INV-7", "item": "Fried Chicken", "image": "products/baked-chicken-drumsticks-honey-mustard-marinade.jpg", "qty": 1, "price": 2500.0, "total": 2500.0}}, {"model": "shop.cartorderitems", "pk": 11, "fields": {"order": 8, "invoice_no": "INV-8", "item": "Corn Flakes", "image": "products/pexels-sebastian-coman-photography-3659862.jpg", "qty": 1, "price": 2500.0, "total": 2500.0}}, {"model": "shop.cartorderitems", "pk": 12, "fields": {"order": 9, "invoice_no": "INV-9", "item": "Corn Flakes", "image": "products/pexels-sebastian-coman-photography-3659862.jpg", "qty": 1, "price": 2500.0, "total": 2500.0}}, {"model": "shop.cartorderitems", "pk": 13, "fields": {"order": 10, "invoice_no": "INV-10", "item": "Corn Flakes", "image": "products/pexels-sebastian-coman-photography-3659862.jpg", "qty": 1, "price": 2500.0, "total": 2500.0}}, {"model": "shop.cartorderitems", "pk": 14, "fields": {"order": 11, "invoice_no": "INV-11", "item": "Burger", "image": "products/burger_zKTT8CI.jpg", "qty": 1, "price": 1800.0, "total": 1800.0}}, {"model": "shop.cartorderitems", "pk": 15, "fields": {"order": 11, "invoice_no": "INV-11", "item": "Roasted-Chicken", "image": "products/baked-quails-pan-dark-background_2829-3401_5Zf9ibN.webp", "qty": 1, "price": 4000.0, "total": 4000.0}}, {"model": "shop.cartorderitems", "pk": 16, "fields": {"order": 11, "invoice_no": "INV-11", "item": "Fried Chicken", "image": "products/baked-chicken-drumsticks-honey-mustard-marinade.jpg", "qty": 1, "price": 2500.0, "total": 2500.0}}, {"model": "shop.cartorderitems", "pk": 17, "fields": {"order": 12, "invoice_no": "INV-12", "item": "Roasted-Chicken", "image": "products/baked-quails-pan-dark-background_2829-3401_5Zf9ibN.webp", "qty": 5, "price": 4000.0, "total": 20000.0}}, {"model": "shop.cartorderitems", "pk": 18, "fields": {"order": 13, "invoice_no": "INV-13", "item": "Sub-sandwiches", "image": "products/salmon-518032_1920_NooLe3v.jpg", "qty": 7, "price": 3500.0, "total": 24500.0}}, {"model": "shop.cartorderitems", "pk": 19, "fields": {"order": 14, "invoice_no": "INV-14", "item": "Roasted-Chicken", "image": "products/baked-quails-pan-dark-background_2829-3401_5Zf9ibN.webp", "qty": 10, "price": 4000.0, "total": 40000.0}}, {"model": "shop.cartorderitems", "pk": 20, "fields": {"order": 14, "invoice_no": "INV-14", "item": "Jollof Rice", "image": "products/delicious-food-white-plate.jpg", "qty": 3, "price": 4750.0, "total": 14250.0}}, {"model": "shop.cartorderitems", "pk": 21, "fields": {"order": 15, "invoice_no": "INV-15", "item": "Jollof Rice", "image": "products/delicious-food-white-plate.jpg", "qty": 4, "price": 4750.0, "total": 19000.0}}, {"model": "shop.cartorderitems", "pk": 22, "fields": {"order": 15, "invoice_no": "INV-15", "item": "Coconut  Rice", "image": "products/jollof-4659747_1920-removebg-preview.png", "qty": 1, "price": 3200.0, "total": 3200.0}}, {"model": "shop.cartorderitems", "pk": 23, "fields": {"order": 16, "invoice_no": "INV-16", "item": "Sub-sandwiches", "image": "products/salmon-518032_1920_NooLe3v.jpg", "qty": 1, "price": 3500.0, "total": 3500.0}}, {"model": "shop.cartorderitems", "pk": 24, "fields": {"order": 17, "invoice_no": "INV-17", "item": "Sub-sandwiches", "image": "products/salmon-518032_1920_NooLe3v.jpg", "qty": 1, "price": 3500.0, "total": 3500.0}}, {"model": "shop.cartorderitems", "pk": 25, "fields": {"order": 18, "invoice_no": "INV-18", "item": "Pizza", "image": "products/pizza_MCm3WVc.jpg", "qty": 15, "price": 3600.0, "total": 54000.0}}, {"model": "shop.cartorderitems", "pk": 26, "fields": {"order": 19, "invoice_no": "INV-19", "item": "Pizza", "image": "products/pizza_MCm3WVc.jpg", "qty": 5, "price": 3600.0, "total": 18000.0}}, {"model": "shop.cartorderitems", "pk": 27, "fields": {"order": 20, "invoice_no": "INV-20", "item": "Corn Flakes", "image": "products/pexels-sebastian-coman-photography-3659862.jpg", "qty": 1, "price": 2500.0, "total": 2500.0}}]