[{"model": "admin.logentry", "pk": 1, "fields": {"action_time": "2022-08-17T05:00:07.343Z", "user": 1, "content_type": 4, "object_id": "2", "object_repr": "Comrade", "action_flag": 1, "change_message": "[{\"added\": {}}]"}}, {"model": "admin.logentry", "pk": 2, "fields": {"action_time": "2022-08-17T05:00:27.311Z", "user": 1, "content_type": 4, "object_id": "2", "object_repr": "Comrade", "action_flag": 2, "change_message": "[{\"changed\": {\"fields\": [\"Email address\"]}}]"}}, {"model": "admin.logentry", "pk": 3, "fields": {"action_time": "2022-08-23T10:27:14.464Z", "user": 1, "content_type": 7, "object_id": "1", "object_repr": "Assorted Meat", "action_flag": 1, "change_message": "[{\"added\": {}}]"}}, {"model": "admin.logentry", "pk": 4, "fields": {"action_time": "2022-08-23T10:43:56.915Z", "user": 1, "content_type": 7, "object_id": "1", "object_repr": "Assorted Meat", "action_flag": 2, "change_message": "[{\"changed\": {\"fields\": [\"Image\"]}}]"}}, {"model": "admin.logentry", "pk": 5, "fields": {"action_time": "2022-08-23T11:19:25.185Z", "user": 1, "content_type": 7, "object_id": "2", "object_repr": "Jollof Rice", "action_flag": 1, "change_message": "[{\"added\": {}}]"}}, {"model": "admin.logentry", "pk": 6, "fields": {"action_time": "2022-08-23T11:27:43.993Z", "user": 1, "content_type": 7, "object_id": "3", "object_repr": "Burger", "action_flag": 1, "change_message": "[{\"added\": {}}]"}}, {"model": "admin.logentry", "pk": 7, "fields": {"action_time": "2022-08-23T13:56:20.120Z", "user": 1, "content_type": 7, "object_id": "4", "object_repr": "Noodles", "action_flag": 1, "change_message": "[{\"added\": {}}]"}}, {"model": "admin.logentry", "pk": 8, "fields": {"action_time": "2022-08-23T15:05:10.172Z", "user": 1, "content_type": 7, "object_id": "5", "object_repr": "sr", "action_flag": 1, "change_message": "[{\"added\": {}}]"}}, {"model": "admin.logentry", "pk": 9, "fields": {"action_time": "2022-08-23T15:07:16.441Z", "user": 1, "content_type": 7, "object_id": "5", "object_repr": "sr", "action_flag": 3, "change_message": ""}}, {"model": "admin.logentry", "pk": 10, "fields": {"action_time": "2022-08-24T16:21:12.317Z", "user": 8, "content_type": 8, "object_id": "1", "object_repr": "Sub-sandwiches", "action_flag": 1, "change_message": "[{\"added\": {}}]"}}, {"model": "admin.logentry", "pk": 11, "fields": {"action_time": "2022-08-24T16:24:05.807Z", "user": 8, "content_type": 8, "object_id": "2", "object_repr": "Noodles", "action_flag": 1, "change_message": "[{\"added\": {}}]"}}, {"model": "admin.logentry", "pk": 12, "fields": {"action_time": "2022-08-24T16:32:21.298Z", "user": 8, "content_type": 8, "object_id": "3", "object_repr": "Burger", "action_flag": 1, "change_message": "[{\"added\": {}}]"}}, {"model": "admin.logentry", "pk": 13, "fields": {"action_time": "2022-08-25T12:03:06.652Z", "user": 8, "content_type": 8, "object_id": "3", "object_repr": "Burger", "action_flag": 2, "change_message": "[{\"changed\": {\"fields\": [\"Image\"]}}]"}}, {"model": "admin.logentry", "pk": 14, "fields": {"action_time": "2022-08-25T12:34:57.955Z", "user": 8, "content_type": 8, "object_id": "2", "object_repr": "Noodles", "action_flag": 2, "change_message": "[{\"changed\": {\"fields\": [\"Image\"]}}]"}}, {"model": "admin.logentry", "pk": 15, "fields": {"action_time": "2022-08-28T03:41:20.172Z", "user": 1, "content_type": 7, "object_id": "6", "object_repr": "Fried Chicken", "action_flag": 1, "change_message": "[{\"added\": {}}]"}}, {"model": "admin.logentry", "pk": 16, "fields": {"action_time": "2022-08-29T13:03:16.484Z", "user": 1, "content_type": 11, "object_id": "1", "object_repr": "Lunch object (1)", "action_flag": 1, "change_message": "[{\"added\": {}}]"}}, {"model": "admin.logentry", "pk": 17, "fields": {"action_time": "2022-08-29T13:10:53.597Z", "user": 1, "content_type": 11, "object_id": "2", "object_repr": "Lunch object (2)", "action_flag": 1, "change_message": "[{\"added\": {}}]"}}, {"model": "admin.logentry", "pk": 18, "fields": {"action_time": "2022-08-29T13:17:43.772Z", "user": 1, "content_type": 11, "object_id": "3", "object_repr": "Lunch object (3)", "action_flag": 1, "change_message": "[{\"added\": {}}]"}}, {"model": "admin.logentry", "pk": 19, "fields": {"action_time": "2022-08-29T13:52:06.523Z", "user": 1, "content_type": 11, "object_id": "3", "object_repr": "Lunch object (3)", "action_flag": 3, "change_message": ""}}, {"model": "admin.logentry", "pk": 20, "fields": {"action_time": "2022-08-29T13:52:06.638Z", "user": 1, "content_type": 11, "object_id": "2", "object_repr": "Lunch object (2)", "action_flag": 3, "change_message": ""}}, {"model": "admin.logentry", "pk": 21, "fields": {"action_time": "2022-08-29T13:52:06.749Z", "user": 1, "content_type": 11, "object_id": "1", "object_repr": "Lunch object (1)", "action_flag": 3, "change_message": ""}}, {"model": "admin.logentry", "pk": 22, "fields": {"action_time": "2022-08-29T14:05:31.642Z", "user": 1, "content_type": 14, "object_id": "1", "object_repr": "Lunche object (1)", "action_flag": 1, "change_message": "[{\"added\": {}}]"}}, {"model": "admin.logentry", "pk": 23, "fields": {"action_time": "2022-08-29T16:24:58.473Z", "user": 1, "content_type": 12, "object_id": "1", "object_repr": "Dinner Meals", "action_flag": 1, "change_message": "[{\"added\": {}}]"}}, {"model": "admin.logentry", "pk": 24, "fields": {"action_time": "2022-08-29T16:26:35.662Z", "user": 1, "content_type": 12, "object_id": "2", "object_repr": "Dinner Meals", "action_flag": 1, "change_message": "[{\"added\": {}}]"}}, {"model": "admin.logentry", "pk": 25, "fields": {"action_time": "2022-08-29T16:27:41.855Z", "user": 1, "content_type": 12, "object_id": "3", "object_repr": "Dinner Meals", "action_flag": 1, "change_message": "[{\"added\": {}}]"}}, {"model": "admin.logentry", "pk": 26, "fields": {"action_time": "2022-08-29T16:31:02.563Z", "user": 1, "content_type": 11, "object_id": "1", "object_repr": "Lunch Meals", "action_flag": 1, "change_message": "[{\"added\": {}}]"}}, {"model": "admin.logentry", "pk": 27, "fields": {"action_time": "2022-08-29T16:33:10.148Z", "user": 1, "content_type": 11, "object_id": "2", "object_repr": "Lunch", "action_flag": 1, "change_message": "[{\"added\": {}}]"}}, {"model": "admin.logentry", "pk": 28, "fields": {"action_time": "2022-08-29T16:33:21.128Z", "user": 1, "content_type": 11, "object_id": "1", "object_repr": "Lunch", "action_flag": 2, "change_message": "[{\"changed\": {\"fields\": [\"Title\"]}}]"}}, {"model": "admin.logentry", "pk": 29, "fields": {"action_time": "2022-08-29T16:34:30.816Z", "user": 1, "content_type": 11, "object_id": "3", "object_repr": "Lunch", "action_flag": 1, "change_message": "[{\"added\": {}}]"}}, {"model": "admin.logentry", "pk": 30, "fields": {"action_time": "2022-08-29T16:35:39.387Z", "user": 1, "content_type": 12, "object_id": "3", "object_repr": "Dinner", "action_flag": 2, "change_message": "[{\"changed\": {\"fields\": [\"Title\"]}}]"}}, {"model": "admin.logentry", "pk": 31, "fields": {"action_time": "2022-08-29T16:35:50.799Z", "user": 1, "content_type": 12, "object_id": "2", "object_repr": "Dinner", "action_flag": 2, "change_message": "[{\"changed\": {\"fields\": [\"Title\"]}}]"}}, {"model": "admin.logentry", "pk": 32, "fields": {"action_time": "2022-08-29T16:35:59.020Z", "user": 1, "content_type": 12, "object_id": "1", "object_repr": "Dinner", "action_flag": 2, "change_message": "[{\"changed\": {\"fields\": [\"Title\"]}}]"}}, {"model": "admin.logentry", "pk": 33, "fields": {"action_time": "2022-08-29T16:36:41.157Z", "user": 1, "content_type": 13, "object_id": "1", "object_repr": "Breakfast", "action_flag": 1, "change_message": "[{\"added\": {}}]"}}, {"model": "admin.logentry", "pk": 34, "fields": {"action_time": "2022-08-29T16:37:17.758Z", "user": 1, "content_type": 13, "object_id": "2", "object_repr": "Breakfast", "action_flag": 1, "change_message": "[{\"added\": {}}]"}}, {"model": "admin.logentry", "pk": 35, "fields": {"action_time": "2022-08-29T16:38:02.730Z", "user": 1, "content_type": 13, "object_id": "3", "object_repr": "Breakfast", "action_flag": 1, "change_message": "[{\"added\": {}}]"}}, {"model": "admin.logentry", "pk": 36, "fields": {"action_time": "2022-08-30T14:49:30.133Z", "user": 1, "content_type": 15, "object_id": "1", "object_repr": "Geralld Sergio", "action_flag": 1, "change_message": "[{\"added\": {}}]"}}, {"model": "admin.logentry", "pk": 37, "fields": {"action_time": "2022-08-30T15:33:33.932Z", "user": 1, "content_type": 15, "object_id": "2", "object_repr": "Gomez Gerrald", "action_flag": 1, "change_message": "[{\"added\": {}}]"}}, {"model": "admin.logentry", "pk": 38, "fields": {"action_time": "2022-08-30T15:34:14.333Z", "user": 1, "content_type": 15, "object_id": "3", "object_repr": "Alex Robin", "action_flag": 1, "change_message": "[{\"added\": {}}]"}}, {"model": "admin.logentry", "pk": 39, "fields": {"action_time": "2022-08-30T15:35:17.397Z", "user": 1, "content_type": 15, "object_id": "4", "object_repr": "Kelvin Owens", "action_flag": 1, "change_message": "[{\"added\": {}}]"}}, {"model": "admin.logentry", "pk": 40, "fields": {"action_time": "2022-08-31T03:21:57.915Z", "user": 1, "content_type": 9, "object_id": "1", "object_repr": "Category object (1)", "action_flag": 1, "change_message": "[{\"added\": {}}]"}}, {"model": "admin.logentry", "pk": 41, "fields": {"action_time": "2022-08-31T03:23:54.024Z", "user": 1, "content_type": 10, "object_id": "1", "object_repr": "Burger", "action_flag": 1, "change_message": "[{\"added\": {}}]"}}, {"model": "admin.logentry", "pk": 42, "fields": {"action_time": "2022-08-31T03:44:59.368Z", "user": 1, "content_type": 7, "object_id": "4", "object_repr": "Noodles", "action_flag": 3, "change_message": ""}}, {"model": "admin.logentry", "pk": 43, "fields": {"action_time": "2022-08-31T12:57:49.281Z", "user": 1, "content_type": 9, "object_id": "2", "object_repr": "Vegetables", "action_flag": 1, "change_message": "[{\"added\": {}}]"}}, {"model": "admin.logentry", "pk": 44, "fields": {"action_time": "2022-08-31T12:58:52.967Z", "user": 1, "content_type": 10, "object_id": "2", "object_repr": "Okro", "action_flag": 1, "change_message": "[{\"added\": {}}]"}}, {"model": "admin.logentry", "pk": 45, "fields": {"action_time": "2022-08-31T14:38:16.977Z", "user": 1, "content_type": 17, "object_id": "1", "object_repr": "Vegetables", "action_flag": 1, "change_message": "[{\"added\": {}}]"}}, {"model": "admin.logentry", "pk": 46, "fields": {"action_time": "2022-08-31T14:38:41.033Z", "user": 1, "content_type": 17, "object_id": "2", "object_repr": "Snacks", "action_flag": 1, "change_message": "[{\"added\": {}}]"}}, {"model": "admin.logentry", "pk": 47, "fields": {"action_time": "2022-08-31T14:42:08.641Z", "user": 1, "content_type": 17, "object_id": "3", "object_repr": "Beef", "action_flag": 1, "change_message": "[{\"added\": {}}]"}}, {"model": "admin.logentry", "pk": 48, "fields": {"action_time": "2022-08-31T14:43:54.447Z", "user": 1, "content_type": 17, "object_id": "4", "object_repr": "Cereals", "action_flag": 1, "change_message": "[{\"added\": {}}]"}}, {"model": "admin.logentry", "pk": 49, "fields": {"action_time": "2022-08-31T14:46:26.370Z", "user": 1, "content_type": 17, "object_id": "5", "object_repr": "Carbonhydrates", "action_flag": 1, "change_message": "[{\"added\": {}}]"}}, {"model": "admin.logentry", "pk": 50, "fields": {"action_time": "2022-09-01T05:16:51.456Z", "user": 1, "content_type": 16, "object_id": "1", "object_repr": "Burger", "action_flag": 1, "change_message": "[{\"added\": {}}]"}}, {"model": "admin.logentry", "pk": 51, "fields": {"action_time": "2022-09-01T05:19:58.732Z", "user": 1, "content_type": 16, "object_id": "2", "object_repr": "Okro", "action_flag": 1, "change_message": "[{\"added\": {}}]"}}, {"model": "admin.logentry", "pk": 52, "fields": {"action_time": "2022-09-01T11:50:22.038Z", "user": 1, "content_type": 16, "object_id": "2", "object_repr": "Okro", "action_flag": 2, "change_message": "[{\"changed\": {\"fields\": [\"Category\"]}}]"}}, {"model": "admin.logentry", "pk": 53, "fields": {"action_time": "2022-09-01T11:54:20.635Z", "user": 1, "content_type": 17, "object_id": "6", "object_repr": "Fast Foods", "action_flag": 1, "change_message": "[{\"added\": {}}]"}}, {"model": "admin.logentry", "pk": 54, "fields": {"action_time": "2022-09-01T11:54:46.288Z", "user": 1, "content_type": 16, "object_id": "1", "object_repr": "Burger", "action_flag": 2, "change_message": "[{\"changed\": {\"fields\": [\"Category\", \"Is featured\"]}}]"}}, {"model": "admin.logentry", "pk": 55, "fields": {"action_time": "2022-09-01T11:55:04.829Z", "user": 1, "content_type": 16, "object_id": "2", "object_repr": "Okro", "action_flag": 2, "change_message": "[{\"changed\": {\"fields\": [\"Category\"]}}]"}}, {"model": "admin.logentry", "pk": 56, "fields": {"action_time": "2022-09-01T11:57:01.552Z", "user": 1, "content_type": 16, "object_id": "3", "object_repr": "Noodles", "action_flag": 1, "change_message": "[{\"added\": {}}]"}}, {"model": "admin.logentry", "pk": 57, "fields": {"action_time": "2022-09-01T11:57:10.873Z", "user": 1, "content_type": 16, "object_id": "3", "object_repr": "Noodles", "action_flag": 2, "change_message": "[{\"changed\": {\"fields\": [\"Is featured\"]}}]"}}, {"model": "admin.logentry", "pk": 58, "fields": {"action_time": "2022-09-01T11:58:19.185Z", "user": 1, "content_type": 16, "object_id": "4", "object_repr": "Sub-sandwiches", "action_flag": 1, "change_message": "[{\"added\": {}}]"}}, {"model": "admin.logentry", "pk": 59, "fields": {"action_time": "2022-09-01T12:08:07.956Z", "user": 1, "content_type": 16, "object_id": "2", "object_repr": "Okro", "action_flag": 2, "change_message": "[{\"changed\": {\"fields\": [\"Is featured\"]}}]"}}, {"model": "admin.logentry", "pk": 60, "fields": {"action_time": "2022-09-02T18:35:52.291Z", "user": 1, "content_type": 16, "object_id": "3", "object_repr": "Noodles", "action_flag": 2, "change_message": "[{\"changed\": {\"fields\": [\"Category\"]}}]"}}, {"model": "admin.logentry", "pk": 61, "fields": {"action_time": "2022-09-02T18:56:46.752Z", "user": 1, "content_type": 17, "object_id": "7", "object_repr": "Roasted", "action_flag": 1, "change_message": "[{\"added\": {}}]"}}, {"model": "admin.logentry", "pk": 62, "fields": {"action_time": "2022-09-02T18:57:24.997Z", "user": 1, "content_type": 16, "object_id": "5", "object_repr": "Chicken", "action_flag": 1, "change_message": "[{\"added\": {}}]"}}, {"model": "admin.logentry", "pk": 63, "fields": {"action_time": "2022-09-02T19:13:05.753Z", "user": 1, "content_type": 17, "object_id": "8", "object_repr": "Balanced", "action_flag": 1, "change_message": "[{\"added\": {}}]"}}, {"model": "admin.logentry", "pk": 64, "fields": {"action_time": "2022-09-02T19:13:16.618Z", "user": 1, "content_type": 16, "object_id": "6", "object_repr": "Jollof Rice", "action_flag": 1, "change_message": "[{\"added\": {}}]"}}, {"model": "admin.logentry", "pk": 65, "fields": {"action_time": "2022-09-02T19:15:47.304Z", "user": 1, "content_type": 17, "object_id": "9", "object_repr": "Chicken", "action_flag": 1, "change_message": "[{\"added\": {}}]"}}, {"model": "admin.logentry", "pk": 66, "fields": {"action_time": "2022-09-02T19:16:45.550Z", "user": 1, "content_type": 16, "object_id": "5", "object_repr": "Roasted-Chicken", "action_flag": 2, "change_message": "[{\"changed\": {\"fields\": [\"Title\", \"Slug\", \"Category\", \"Is featured\"]}}]"}}, {"model": "admin.logentry", "pk": 67, "fields": {"action_time": "2022-09-02T19:19:25.486Z", "user": 1, "content_type": 16, "object_id": "7", "object_repr": "Fried Chicken", "action_flag": 1, "change_message": "[{\"added\": {}}]"}}, {"model": "admin.logentry", "pk": 68, "fields": {"action_time": "2022-09-02T19:21:45.230Z", "user": 1, "content_type": 17, "object_id": "7", "object_repr": "Roasted", "action_flag": 3, "change_message": ""}}, {"model": "admin.logentry", "pk": 69, "fields": {"action_time": "2022-09-02T19:28:29.108Z", "user": 1, "content_type": 16, "object_id": "8", "object_repr": "Coconut  Rice", "action_flag": 1, "change_message": "[{\"added\": {}}]"}}, {"model": "admin.logentry", "pk": 70, "fields": {"action_time": "2022-09-02T19:30:26.897Z", "user": 1, "content_type": 16, "object_id": "3", "object_repr": "Noodles", "action_flag": 2, "change_message": "[{\"changed\": {\"fields\": [\"Category\"]}}]"}}, {"model": "admin.logentry", "pk": 71, "fields": {"action_time": "2022-09-02T19:39:54.862Z", "user": 1, "content_type": 16, "object_id": "9", "object_repr": "Assorted Meat", "action_flag": 1, "change_message": "[{\"added\": {}}]"}}, {"model": "admin.logentry", "pk": 72, "fields": {"action_time": "2022-09-02T19:42:20.674Z", "user": 1, "content_type": 16, "object_id": "10", "object_repr": "Pizza", "action_flag": 1, "change_message": "[{\"added\": {}}]"}}, {"model": "admin.logentry", "pk": 73, "fields": {"action_time": "2022-09-02T19:44:46.265Z", "user": 1, "content_type": 16, "object_id": "9", "object_repr": "Assorted Meat", "action_flag": 2, "change_message": "[{\"changed\": {\"fields\": [\"Image\"]}}]"}}, {"model": "admin.logentry", "pk": 74, "fields": {"action_time": "2022-09-02T19:47:45.416Z", "user": 1, "content_type": 16, "object_id": "11", "object_repr": "Spaghetti", "action_flag": 1, "change_message": "[{\"added\": {}}]"}}, {"model": "admin.logentry", "pk": 75, "fields": {"action_time": "2022-09-02T19:55:18.958Z", "user": 1, "content_type": 16, "object_id": "12", "object_repr": "Carrot Spaghetti", "action_flag": 1, "change_message": "[{\"added\": {}}]"}}, {"model": "admin.logentry", "pk": 76, "fields": {"action_time": "2022-09-02T19:55:46.449Z", "user": 1, "content_type": 17, "object_id": "10", "object_repr": "Local", "action_flag": 1, "change_message": "[{\"added\": {}}]"}}, {"model": "admin.logentry", "pk": 77, "fields": {"action_time": "2022-09-02T19:56:02.403Z", "user": 1, "content_type": 17, "object_id": "5", "object_repr": "Carbonhydrates", "action_flag": 3, "change_message": ""}}, {"model": "admin.logentry", "pk": 78, "fields": {"action_time": "2022-09-02T19:56:38.255Z", "user": 1, "content_type": 17, "object_id": "1", "object_repr": "Vegetables", "action_flag": 3, "change_message": ""}}, {"model": "admin.logentry", "pk": 79, "fields": {"action_time": "2022-09-02T19:57:27.832Z", "user": 1, "content_type": 16, "object_id": "2", "object_repr": "Okro", "action_flag": 3, "change_message": ""}}, {"model": "admin.logentry", "pk": 80, "fields": {"action_time": "2022-09-02T19:58:04.071Z", "user": 1, "content_type": 16, "object_id": "6", "object_repr": "Jollof Rice", "action_flag": 2, "change_message": "[{\"changed\": {\"fields\": [\"Is featured\"]}}]"}}, {"model": "admin.logentry", "pk": 81, "fields": {"action_time": "2022-09-04T11:26:53.366Z", "user": 1, "content_type": 17, "object_id": "9", "object_repr": "Chicken", "action_flag": 2, "change_message": "[{\"changed\": {\"fields\": [\"Slug\"]}}]"}}, {"model": "admin.logentry", "pk": 82, "fields": {"action_time": "2022-09-04T11:27:21.345Z", "user": 1, "content_type": 17, "object_id": "10", "object_repr": "Local", "action_flag": 2, "change_message": "[{\"changed\": {\"fields\": [\"Slug\"]}}]"}}, {"model": "admin.logentry", "pk": 83, "fields": {"action_time": "2022-09-04T11:27:41.794Z", "user": 1, "content_type": 17, "object_id": "8", "object_repr": "Balanced", "action_flag": 2, "change_message": "[{\"changed\": {\"fields\": [\"Slug\"]}}]"}}, {"model": "admin.logentry", "pk": 84, "fields": {"action_time": "2022-09-04T11:28:02.748Z", "user": 1, "content_type": 17, "object_id": "6", "object_repr": "Fast Food", "action_flag": 2, "change_message": "[{\"changed\": {\"fields\": [\"Title\", \"Slug\"]}}]"}}, {"model": "admin.logentry", "pk": 85, "fields": {"action_time": "2022-09-04T11:28:15.828Z", "user": 1, "content_type": 17, "object_id": "4", "object_repr": "Cereals", "action_flag": 2, "change_message": "[{\"changed\": {\"fields\": [\"Slug\"]}}]"}}, {"model": "admin.logentry", "pk": 86, "fields": {"action_time": "2022-09-04T11:28:32.931Z", "user": 1, "content_type": 17, "object_id": "3", "object_repr": "Beef", "action_flag": 2, "change_message": "[{\"changed\": {\"fields\": [\"Slug\"]}}]"}}, {"model": "admin.logentry", "pk": 87, "fields": {"action_time": "2022-09-04T11:28:47.892Z", "user": 1, "content_type": 17, "object_id": "2", "object_repr": "Snacks", "action_flag": 2, "change_message": "[{\"changed\": {\"fields\": [\"Slug\"]}}]"}}, {"model": "admin.logentry", "pk": 88, "fields": {"action_time": "2022-09-17T12:49:27.654Z", "user": 1, "content_type": 16, "object_id": "9", "object_repr": "Assorted Meat", "action_flag": 2, "change_message": "[{\"changed\": {\"fields\": [\"Has discount\", \"Percentage days left\", \"Percentage off\", \"Price after discount\"]}}]"}}, {"model": "admin.logentry", "pk": 89, "fields": {"action_time": "2022-09-17T12:58:22.139Z", "user": 1, "content_type": 16, "object_id": "9", "object_repr": "Assorted Meat", "action_flag": 2, "change_message": "[{\"changed\": {\"fields\": [\"Price\", \"Price before discount\"]}}]"}}, {"model": "admin.logentry", "pk": 90, "fields": {"action_time": "2022-09-17T13:06:02.226Z", "user": 1, "content_type": 16, "object_id": "10", "object_repr": "Pizza", "action_flag": 2, "change_message": "[{\"changed\": {\"fields\": [\"Price\", \"Category\", \"Is featured\", \"Has discount\", \"Percentage days left\", \"Percentage off\", \"Price before discount\"]}}]"}}, {"model": "admin.logentry", "pk": 91, "fields": {"action_time": "2022-09-17T13:09:39.664Z", "user": 1, "content_type": 16, "object_id": "6", "object_repr": "Jollof Rice", "action_flag": 2, "change_message": "[{\"changed\": {\"fields\": [\"Price\", \"Percentage days left\", \"Percentage off\", \"Price before discount\"]}}]"}}, {"model": "admin.logentry", "pk": 92, "fields": {"action_time": "2022-09-17T13:10:00.232Z", "user": 1, "content_type": 16, "object_id": "6", "object_repr": "Jollof Rice", "action_flag": 2, "change_message": "[{\"changed\": {\"fields\": [\"Has discount\"]}}]"}}, {"model": "admin.logentry", "pk": 93, "fields": {"action_time": "2022-09-17T13:15:12.461Z", "user": 1, "content_type": 16, "object_id": "5", "object_repr": "Roasted-Chicken", "action_flag": 2, "change_message": "[{\"changed\": {\"fields\": [\"Percentage days left\", \"Percentage off\", \"Price before discount\"]}}]"}}, {"model": "admin.logentry", "pk": 94, "fields": {"action_time": "2022-09-17T13:16:02.598Z", "user": 1, "content_type": 16, "object_id": "5", "object_repr": "Roasted-Chicken", "action_flag": 2, "change_message": "[{\"changed\": {\"fields\": [\"Has discount\"]}}]"}}, {"model": "admin.logentry", "pk": 95, "fields": {"action_time": "2022-09-17T13:18:15.316Z", "user": 1, "content_type": 16, "object_id": "1", "object_repr": "Burger", "action_flag": 2, "change_message": "[{\"changed\": {\"fields\": [\"Category\", \"Has discount\", \"Percentage days left\", \"Percentage off\", \"Price before discount\"]}}]"}}, {"model": "admin.logentry", "pk": 96, "fields": {"action_time": "2022-09-17T13:20:10.411Z", "user": 1, "content_type": 16, "object_id": "3", "object_repr": "Noodles", "action_flag": 2, "change_message": "[{\"changed\": {\"fields\": [\"Price\", \"Category\", \"Percentage days left\", \"Percentage off\", \"Price before discount\"]}}]"}}, {"model": "admin.logentry", "pk": 97, "fields": {"action_time": "2022-09-17T13:20:38.544Z", "user": 1, "content_type": 17, "object_id": "6", "object_repr": "Fast Food", "action_flag": 3, "change_message": ""}}, {"model": "admin.logentry", "pk": 98, "fields": {"action_time": "2022-09-17T13:21:16.835Z", "user": 1, "content_type": 16, "object_id": "3", "object_repr": "Noodles", "action_flag": 2, "change_message": "[{\"changed\": {\"fields\": [\"Has discount\"]}}]"}}, {"model": "admin.logentry", "pk": 99, "fields": {"action_time": "2022-09-17T13:26:30.550Z", "user": 1, "content_type": 16, "object_id": "9", "object_repr": "Assorted Meat", "action_flag": 2, "change_message": "[{\"changed\": {\"fields\": [\"Discount days left\"]}}]"}}, {"model": "admin.logentry", "pk": 100, "fields": {"action_time": "2022-09-17T13:26:58.307Z", "user": 1, "content_type": 16, "object_id": "1", "object_repr": "Burger", "action_flag": 2, "change_message": "[{\"changed\": {\"fields\": [\"Discount days left\"]}}]"}}, {"model": "admin.logentry", "pk": 101, "fields": {"action_time": "2022-09-17T13:27:26.280Z", "user": 1, "content_type": 16, "object_id": "6", "object_repr": "Jollof Rice", "action_flag": 2, "change_message": "[{\"changed\": {\"fields\": [\"Discount days left\"]}}]"}}, {"model": "admin.logentry", "pk": 102, "fields": {"action_time": "2022-09-17T13:27:40.929Z", "user": 1, "content_type": 16, "object_id": "3", "object_repr": "Noodles", "action_flag": 2, "change_message": "[{\"changed\": {\"fields\": [\"Discount days left\"]}}]"}}, {"model": "admin.logentry", "pk": 103, "fields": {"action_time": "2022-09-17T13:27:54.806Z", "user": 1, "content_type": 16, "object_id": "10", "object_repr": "Pizza", "action_flag": 2, "change_message": "[{\"changed\": {\"fields\": [\"Discount days left\"]}}]"}}, {"model": "admin.logentry", "pk": 104, "fields": {"action_time": "2022-09-17T13:28:09.035Z", "user": 1, "content_type": 16, "object_id": "5", "object_repr": "Roasted-Chicken", "action_flag": 2, "change_message": "[{\"changed\": {\"fields\": [\"Discount days left\"]}}]"}}, {"model": "admin.logentry", "pk": 105, "fields": {"action_time": "2022-09-17T13:43:36.705Z", "user": 1, "content_type": 16, "object_id": "13", "object_repr": "Corn Flakes", "action_flag": 1, "change_message": "[{\"added\": {}}]"}}, {"model": "auth.permission", "pk": 1, "fields": {"name": "Can add log entry", "content_type": 1, "codename": "add_logentry"}}, {"model": "auth.permission", "pk": 2, "fields": {"name": "Can change log entry", "content_type": 1, "codename": "change_logentry"}}, {"model": "auth.permission", "pk": 3, "fields": {"name": "Can delete log entry", "content_type": 1, "codename": "delete_logentry"}}, {"model": "auth.permission", "pk": 4, "fields": {"name": "Can view log entry", "content_type": 1, "codename": "view_logentry"}}, {"model": "auth.permission", "pk": 5, "fields": {"name": "Can add permission", "content_type": 2, "codename": "add_permission"}}, {"model": "auth.permission", "pk": 6, "fields": {"name": "Can change permission", "content_type": 2, "codename": "change_permission"}}, {"model": "auth.permission", "pk": 7, "fields": {"name": "Can delete permission", "content_type": 2, "codename": "delete_permission"}}, {"model": "auth.permission", "pk": 8, "fields": {"name": "Can view permission", "content_type": 2, "codename": "view_permission"}}, {"model": "auth.permission", "pk": 9, "fields": {"name": "Can add group", "content_type": 3, "codename": "add_group"}}, {"model": "auth.permission", "pk": 10, "fields": {"name": "Can change group", "content_type": 3, "codename": "change_group"}}, {"model": "auth.permission", "pk": 11, "fields": {"name": "Can delete group", "content_type": 3, "codename": "delete_group"}}, {"model": "auth.permission", "pk": 12, "fields": {"name": "Can view group", "content_type": 3, "codename": "view_group"}}, {"model": "auth.permission", "pk": 13, "fields": {"name": "Can add user", "content_type": 4, "codename": "add_user"}}, {"model": "auth.permission", "pk": 14, "fields": {"name": "Can change user", "content_type": 4, "codename": "change_user"}}, {"model": "auth.permission", "pk": 15, "fields": {"name": "Can delete user", "content_type": 4, "codename": "delete_user"}}, {"model": "auth.permission", "pk": 16, "fields": {"name": "Can view user", "content_type": 4, "codename": "view_user"}}, {"model": "auth.permission", "pk": 17, "fields": {"name": "Can add content type", "content_type": 5, "codename": "add_contenttype"}}, {"model": "auth.permission", "pk": 18, "fields": {"name": "Can change content type", "content_type": 5, "codename": "change_contenttype"}}, {"model": "auth.permission", "pk": 19, "fields": {"name": "Can delete content type", "content_type": 5, "codename": "delete_contenttype"}}, {"model": "auth.permission", "pk": 20, "fields": {"name": "Can view content type", "content_type": 5, "codename": "view_contenttype"}}, {"model": "auth.permission", "pk": 21, "fields": {"name": "Can add session", "content_type": 6, "codename": "add_session"}}, {"model": "auth.permission", "pk": 22, "fields": {"name": "Can change session", "content_type": 6, "codename": "change_session"}}, {"model": "auth.permission", "pk": 23, "fields": {"name": "Can delete session", "content_type": 6, "codename": "delete_session"}}, {"model": "auth.permission", "pk": 24, "fields": {"name": "Can view session", "content_type": 6, "codename": "view_session"}}, {"model": "auth.permission", "pk": 25, "fields": {"name": "Can add promo", "content_type": 7, "codename": "add_promo"}}, {"model": "auth.permission", "pk": 26, "fields": {"name": "Can change promo", "content_type": 7, "codename": "change_promo"}}, {"model": "auth.permission", "pk": 27, "fields": {"name": "Can delete promo", "content_type": 7, "codename": "delete_promo"}}, {"model": "auth.permission", "pk": 28, "fields": {"name": "Can view promo", "content_type": 7, "codename": "view_promo"}}, {"model": "auth.permission", "pk": 29, "fields": {"name": "Can add popular", "content_type": 8, "codename": "add_popular"}}, {"model": "auth.permission", "pk": 30, "fields": {"name": "Can change popular", "content_type": 8, "codename": "change_popular"}}, {"model": "auth.permission", "pk": 31, "fields": {"name": "Can delete popular", "content_type": 8, "codename": "delete_popular"}}, {"model": "auth.permission", "pk": 32, "fields": {"name": "Can view popular", "content_type": 8, "codename": "view_popular"}}, {"model": "auth.permission", "pk": 33, "fields": {"name": "Can add category", "content_type": 9, "codename": "add_category"}}, {"model": "auth.permission", "pk": 34, "fields": {"name": "Can change category", "content_type": 9, "codename": "change_category"}}, {"model": "auth.permission", "pk": 35, "fields": {"name": "Can delete category", "content_type": 9, "codename": "delete_category"}}, {"model": "auth.permission", "pk": 36, "fields": {"name": "Can view category", "content_type": 9, "codename": "view_category"}}, {"model": "auth.permission", "pk": 37, "fields": {"name": "Can add product", "content_type": 10, "codename": "add_product"}}, {"model": "auth.permission", "pk": 38, "fields": {"name": "Can change product", "content_type": 10, "codename": "change_product"}}, {"model": "auth.permission", "pk": 39, "fields": {"name": "Can delete product", "content_type": 10, "codename": "delete_product"}}, {"model": "auth.permission", "pk": 40, "fields": {"name": "Can view product", "content_type": 10, "codename": "view_product"}}, {"model": "auth.permission", "pk": 41, "fields": {"name": "Can add lunch", "content_type": 11, "codename": "add_lunch"}}, {"model": "auth.permission", "pk": 42, "fields": {"name": "Can change lunch", "content_type": 11, "codename": "change_lunch"}}, {"model": "auth.permission", "pk": 43, "fields": {"name": "Can delete lunch", "content_type": 11, "codename": "delete_lunch"}}, {"model": "auth.permission", "pk": 44, "fields": {"name": "Can view lunch", "content_type": 11, "codename": "view_lunch"}}, {"model": "auth.permission", "pk": 45, "fields": {"name": "Can add dinner", "content_type": 12, "codename": "add_dinner"}}, {"model": "auth.permission", "pk": 46, "fields": {"name": "Can change dinner", "content_type": 12, "codename": "change_dinner"}}, {"model": "auth.permission", "pk": 47, "fields": {"name": "Can delete dinner", "content_type": 12, "codename": "delete_dinner"}}, {"model": "auth.permission", "pk": 48, "fields": {"name": "Can view dinner", "content_type": 12, "codename": "view_dinner"}}, {"model": "auth.permission", "pk": 49, "fields": {"name": "Can add breakfast", "content_type": 13, "codename": "add_breakfast"}}, {"model": "auth.permission", "pk": 50, "fields": {"name": "Can change breakfast", "content_type": 13, "codename": "change_breakfast"}}, {"model": "auth.permission", "pk": 51, "fields": {"name": "Can delete breakfast", "content_type": 13, "codename": "delete_breakfast"}}, {"model": "auth.permission", "pk": 52, "fields": {"name": "Can view breakfast", "content_type": 13, "codename": "view_breakfast"}}, {"model": "auth.permission", "pk": 53, "fields": {"name": "Can add lunche", "content_type": 14, "codename": "add_lunche"}}, {"model": "auth.permission", "pk": 54, "fields": {"name": "Can change lunche", "content_type": 14, "codename": "change_lunche"}}, {"model": "auth.permission", "pk": 55, "fields": {"name": "Can delete lunche", "content_type": 14, "codename": "delete_lunche"}}, {"model": "auth.permission", "pk": 56, "fields": {"name": "Can view lunche", "content_type": 14, "codename": "view_lunche"}}, {"model": "auth.permission", "pk": 57, "fields": {"name": "Can add chef", "content_type": 15, "codename": "add_chef"}}, {"model": "auth.permission", "pk": 58, "fields": {"name": "Can change chef", "content_type": 15, "codename": "change_chef"}}, {"model": "auth.permission", "pk": 59, "fields": {"name": "Can delete chef", "content_type": 15, "codename": "delete_chef"}}, {"model": "auth.permission", "pk": 60, "fields": {"name": "Can view chef", "content_type": 15, "codename": "view_chef"}}, {"model": "auth.permission", "pk": 61, "fields": {"name": "Can add product", "content_type": 16, "codename": "add_product"}}, {"model": "auth.permission", "pk": 62, "fields": {"name": "Can change product", "content_type": 16, "codename": "change_product"}}, {"model": "auth.permission", "pk": 63, "fields": {"name": "Can delete product", "content_type": 16, "codename": "delete_product"}}, {"model": "auth.permission", "pk": 64, "fields": {"name": "Can view product", "content_type": 16, "codename": "view_product"}}, {"model": "auth.permission", "pk": 65, "fields": {"name": "Can add category", "content_type": 17, "codename": "add_category"}}, {"model": "auth.permission", "pk": 66, "fields": {"name": "Can change category", "content_type": 17, "codename": "change_category"}}, {"model": "auth.permission", "pk": 67, "fields": {"name": "Can delete category", "content_type": 17, "codename": "delete_category"}}, {"model": "auth.permission", "pk": 68, "fields": {"name": "Can view category", "content_type": 17, "codename": "view_category"}}, {"model": "auth.user", "pk": 1, "fields": {"password": "pbkdf2_sha256$390000$Kq6RoN35jjUsoACQTQcx5m$P4WJ468k0XUe26qy8xZ7R8ACHcSYihBwzp1b69QmjbY=", "last_login": "2022-09-17T12:13:49.766Z", "is_superuser": true, "username": "admin", "first_name": "", "last_name": "", "email": "adebimpehabeeb10@gmail.com", "is_staff": true, "is_active": true, "date_joined": "2022-08-17T04:50:58.964Z", "groups": [], "user_permissions": []}}, {"model": "auth.user", "pk": 2, "fields": {"password": "pbkdf2_sha256$390000$6Q7AjEMiTR4PGlVFF05nil$zlT9wKbhGqyPZakxtbUPdjPuNEJiXMgrhPQH0JeNBuU=", "last_login": "2022-09-12T16:09:56.878Z", "is_superuser": false, "username": "Comrade", "first_name": "", "last_name": "", "email": "adebimpehabeeb10@gmail.com", "is_staff": false, "is_active": true, "date_joined": "2022-08-17T05:00:06Z", "groups": [], "user_permissions": []}}, {"model": "auth.user", "pk": 3, "fields": {"password": "pbkdf2_sha256$390000$dYHiKDjVZbo2OSsalKFl11$PTaCZDbI97LGHj0WeDNPy7brjHSase+Zm64wtFaDkcg=", "last_login": "2022-08-31T13:37:29.373Z", "is_superuser": false, "username": "hp", "first_name": "", "last_name": "", "email": "adebimpehabeeb10@gmail.com", "is_staff": false, "is_active": true, "date_joined": "2022-08-17T05:18:04.933Z", "groups": [], "user_permissions": []}}, {"model": "auth.user", "pk": 4, "fields": {"password": "pbkdf2_sha256$390000$6XH5czbe2RKjAQ78K3bVag$eYylYz1zZw7ArmTM9hwvRHab726FXl67eXfZ5UUQQv4=", "last_login": "2022-08-17T16:13:21.529Z", "is_superuser": false, "username": "wale", "first_name": "", "last_name": "", "email": "adebimpehabeeb8@gmail.com", "is_staff": false, "is_active": true, "date_joined": "2022-08-17T16:12:59.111Z", "groups": [], "user_permissions": []}}, {"model": "auth.user", "pk": 5, "fields": {"password": "pbkdf2_sha256$390000$tLY6MvRa9b2LqphHYLIRQE$F8hyWCDX5BFF6O8NoNyGkTlmBnSsy66Ot/XCzGJDpUM=", "last_login": "2022-08-22T17:24:39.117Z", "is_superuser": false, "username": "authadmin", "first_name": "", "last_name": "", "email": "", "is_staff": false, "is_active": true, "date_joined": "2022-08-17T16:24:54.112Z", "groups": [], "user_permissions": []}}, {"model": "auth.user", "pk": 6, "fields": {"password": "pbkdf2_sha256$390000$GurSzdexdnejcIa7vnjKSj$BcR1RmRHpjd/lRngHMgqaEGHKIprSgM9DPq11YFBreE=", "last_login": null, "is_superuser": false, "username": "Comrad", "first_name": "", "last_name": "", "email": "adebimpehabeeb10@gmail.com", "is_staff": false, "is_active": true, "date_joined": "2022-08-18T12:10:57.263Z", "groups": [], "user_permissions": []}}, {"model": "auth.user", "pk": 7, "fields": {"password": "pbkdf2_sha256$390000$mhCX0gyY8bSjXIWDLcKQbz$xD9yfhBwMd/iN6mLO8UTIEq2gieX6KnghnuVjUS8YMo=", "last_login": "2022-08-19T20:39:07.933Z", "is_superuser": false, "username": "Boss", "first_name": "", "last_name": "", "email": "adebimpehabeeb10@gmail.com", "is_staff": false, "is_active": true, "date_joined": "2022-08-19T20:38:42.518Z", "groups": [], "user_permissions": []}}, {"model": "auth.user", "pk": 8, "fields": {"password": "pbkdf2_sha256$390000$5rDrAs9hDDW6fBXeZkXBIg$vur/UX5mzcSSfL0hrTSzX8s/4X/N+g+OgsySwkbB+tM=", "last_login": "2022-08-24T16:18:52.609Z", "is_superuser": true, "username": "Admin", "first_name": "", "last_name": "", "email": "a@a.com", "is_staff": true, "is_active": true, "date_joined": "2022-08-24T16:18:35.421Z", "groups": [], "user_permissions": []}}, {"model": "contenttypes.contenttype", "pk": 1, "fields": {"app_label": "admin", "model": "logentry"}}, {"model": "contenttypes.contenttype", "pk": 2, "fields": {"app_label": "auth", "model": "permission"}}, {"model": "contenttypes.contenttype", "pk": 3, "fields": {"app_label": "auth", "model": "group"}}, {"model": "contenttypes.contenttype", "pk": 4, "fields": {"app_label": "auth", "model": "user"}}, {"model": "contenttypes.contenttype", "pk": 5, "fields": {"app_label": "contenttypes", "model": "contenttype"}}, {"model": "contenttypes.contenttype", "pk": 6, "fields": {"app_label": "sessions", "model": "session"}}, {"model": "contenttypes.contenttype", "pk": 7, "fields": {"app_label": "general", "model": "promo"}}, {"model": "contenttypes.contenttype", "pk": 8, "fields": {"app_label": "general", "model": "popular"}}, {"model": "contenttypes.contenttype", "pk": 9, "fields": {"app_label": "general", "model": "category"}}, {"model": "contenttypes.contenttype", "pk": 10, "fields": {"app_label": "general", "model": "product"}}, {"model": "contenttypes.contenttype", "pk": 11, "fields": {"app_label": "general", "model": "lunch"}}, {"model": "contenttypes.contenttype", "pk": 12, "fields": {"app_label": "general", "model": "dinner"}}, {"model": "contenttypes.contenttype", "pk": 13, "fields": {"app_label": "general", "model": "breakfast"}}, {"model": "contenttypes.contenttype", "pk": 14, "fields": {"app_label": "general", "model": "lunche"}}, {"model": "contenttypes.contenttype", "pk": 15, "fields": {"app_label": "general", "model": "chef"}}, {"model": "contenttypes.contenttype", "pk": 16, "fields": {"app_label": "shop", "model": "product"}}, {"model": "contenttypes.contenttype", "pk": 17, "fields": {"app_label": "shop", "model": "category"}}, {"model": "sessions.session", "pk": "hhv25nk3gneyr3efmwhpz4oigcugoy4n", "fields": {"session_data": ".eJxVjDsOwjAQBe_iGlk2G_8o6TmDtetdcAA5UpxUiLtDpBTQvpl5L5VxXWpeu8x5ZHVSVh1-N8LykLYBvmO7TbpMbZlH0puid9r1ZWJ5nnf376Bir9_aUxRDQzQW2NCxBAQPAJFiSoatuFiSE2QfXQAx6D1eE6OkoQjYwOr9AdLVN9w:1oZWhi:rZlBqiuTSo93H8QptZiSMz-2ONv_lOp1U1NV6v1Zcc8", "expire_date": "2022-10-01T12:13:50.025Z"}}, {"model": "sessions.session", "pk": "t5txyzori0xf88izp0fbkmcjqwiale5v", "fields": {"session_data": ".eJxVjMsOwiAQRf-FtSHDG1y69xsIw1CpGkhKuzL-uzbpQrf3nHNfLKZtrXEbZYkzsTMT7PS7YcqP0nZA99Runefe1mVGviv8oINfO5Xn5XD_Dmoa9VuDzxqVkpacEyE4K7QMQFIr6xFQeIWeEIsGZ4iEmXT2AawJJZkJkmLvD64TNuU:1oOLrN:LPKqhtDC1prS-Uxtx7OguKlwb66uINKmK7WIGj1bAQQ", "expire_date": "2022-08-31T16:25:37.345Z"}}, {"model": "sessions.session", "pk": "zr19tnwbi3imp2zlpwbsdw0wtkkxzezw", "fields": {"session_data": ".eJxVjDsOwjAQBe_iGlk2G_8o6TmDtetdcAA5UpxUiLtDpBTQvpl5L5VxXWpeu8x5ZHVSVh1-N8LykLYBvmO7TbpMbZlH0puid9r1ZWJ5nnf376Bir9_aUxRDQzQW2NCxBAQPAJFiSoatuFiSE2QfXQAx6D1eE6OkoQjYwOr9AdLVN9w:1oUzyh:pBRjeL1QdovsJiYiLGxoFxLFquoEMv68vloLq0Pa_aM", "expire_date": "2022-09-19T00:28:39.333Z"}}, {"model": "general.promo", "pk": 1, "fields": {"title": "Assorted Meat", "slug": "assorted-meat", "days_left": "6", "image": "promo_images/baked-quails-pan-dark-background_2829-3401.webp", "percentage_off": "15", "price": "5,000"}}, {"model": "general.promo", "pk": 2, "fields": {"title": "Jollof Rice", "slug": "jollof-rice", "days_left": "10", "image": "promo_images/jollof-4659747_1920.jpg", "percentage_off": "10", "price": "4500"}}, {"model": "general.promo", "pk": 3, "fields": {"title": "Burger", "slug": "burger", "days_left": "4", "image": "promo_images/salmon-518032_1920.jpg", "percentage_off": "5", "price": "3200"}}, {"model": "general.promo", "pk": 6, "fields": {"title": "Fried Chicken", "slug": "fried-chicken", "days_left": "6", "image": "promo_images/baked-chicken-drumsticks-honey-mustard-marinade_13ZuxRR.jpg", "percentage_off": "5", "price": "1800"}}, {"model": "general.breakfast", "pk": 1, "fields": {"title": "Breakfast", "slug": "breakfast1", "image": "products/baked-quails-pan-dark-background_2829-3401.webp", "price": 4000}}, {"model": "general.breakfast", "pk": 2, "fields": {"title": "Breakfast", "slug": "breakfast2", "image": "products/jollof-4659747_1920.jpg", "price": 2500}}, {"model": "general.breakfast", "pk": 3, "fields": {"title": "Breakfast", "slug": "breakfast3", "image": "products/hero-header.png", "price": 1500}}, {"model": "general.lunch", "pk": 1, "fields": {"title": "Lunch", "slug": "lunch1", "image": "products/burger.jpg", "price": 1800}}, {"model": "general.lunch", "pk": 2, "fields": {"title": "Lunch", "slug": "lunch2", "image": "products/pizza.jpg", "price": 2700}}, {"model": "general.lunch", "pk": 3, "fields": {"title": "Lunch", "slug": "lunch3", "image": "products/salmon-518032_1920.jpg", "price": 1900}}, {"model": "general.dinner", "pk": 1, "fields": {"title": "Dinner", "slug": "dinner1", "image": "products/pexels-engin-akyurt-2347383.jpg", "price": 1500}}, {"model": "general.dinner", "pk": 2, "fields": {"title": "Dinner", "slug": "dinner2", "image": "products/noodles.jpg", "price": 1500}}, {"model": "general.dinner", "pk": 3, "fields": {"title": "Dinner", "slug": "dinner3", "image": "products/xhero_bg.jpg.pagespeed.ic.08xBTGP0Gm.webp", "price": 1500}}, {"model": "general.chef", "pk": 1, "fields": {"name": "Geralld Sergio", "position": "Head Chef", "image": "chef-images/team-1.jpg", "instagram": "instagram.com", "twitter": "twitter.com", "facebook": "facebook.com"}}, {"model": "general.chef", "pk": 2, "fields": {"name": "Gomez Gerrald", "position": "Chef", "image": "chef-images/team-3.jpg", "instagram": "instagram.com", "twitter": "twitter.com", "facebook": "facebook.com"}}, {"model": "general.chef", "pk": 3, "fields": {"name": "Alex Robin", "position": "Chef", "image": "chef-images/team-2.jpg", "instagram": "instagram.com", "twitter": "twitter.com", "facebook": "facebook.com"}}, {"model": "general.chef", "pk": 4, "fields": {"name": "Kelvin Owens", "position": "Chef", "image": "chef-images/team-4.jpg", "instagram": "instagram.com", "twitter": "twitter.com", "facebook": "facebook.com"}}, {"model": "shop.category", "pk": 2, "fields": {"title": "Snacks", "image": "category/burger_0KOgOPo.jpg", "slug": "snacks"}}, {"model": "shop.category", "pk": 3, "fields": {"title": "Beef", "image": "category/pexels-lukas-618773.jpg", "slug": "beef"}}, {"model": "shop.category", "pk": 4, "fields": {"title": "Cereals", "image": "category/pexels-pixabay-265242.jpg", "slug": "cereals"}}, {"model": "shop.category", "pk": 8, "fields": {"title": "Balanced", "image": "category/delicious-food-white-plate.jpg", "slug": "balanced"}}, {"model": "shop.category", "pk": 9, "fields": {"title": "Chicken", "image": "category/baked-quails-pan-dark-background_2829-3401.webp", "slug": "chicken"}}, {"model": "shop.category", "pk": 10, "fields": {"title": "Local", "image": "category/black-plate-chicken-fried-meat-vegetable-salad_1.jpg", "slug": "local"}}, {"model": "shop.product", "pk": 1, "fields": {"title": "Burger", "slug": "burger", "image": "products/burger_zKTT8CI.jpg", "price": 1800, "status": true, "is_featured": true, "has_discount": true, "discount_days_left": 3, "percentage_off": 10, "price_before_discount": 2000, "category": [2]}}, {"model": "shop.product", "pk": 3, "fields": {"title": "Noodles", "slug": "noodles", "image": "products/noodles_w4bcVj6.jpg", "price": 2800, "status": true, "is_featured": true, "has_discount": true, "discount_days_left": 5, "percentage_off": 10, "price_before_discount": 3000, "category": [8]}}, {"model": "shop.product", "pk": 4, "fields": {"title": "Sub-sandwiches", "slug": "sub-sandwiches", "image": "products/salmon-518032_1920_NooLe3v.jpg", "price": 3500, "status": true, "is_featured": true, "has_discount": false, "discount_days_left": 0, "percentage_off": 0, "price_before_discount": 0, "category": [2, 3]}}, {"model": "shop.product", "pk": 5, "fields": {"title": "Roasted-Chicken", "slug": "roasted-chicken", "image": "products/baked-quails-pan-dark-background_2829-3401_5Zf9ibN.webp", "price": 4000, "status": true, "is_featured": true, "has_discount": true, "discount_days_left": 2, "percentage_off": 20, "price_before_discount": 5000, "category": [9]}}, {"model": "shop.product", "pk": 6, "fields": {"title": "Jollof Rice", "slug": "jollof-rice", "image": "products/delicious-food-white-plate.jpg", "price": 4750, "status": true, "is_featured": true, "has_discount": true, "discount_days_left": 9, "percentage_off": 5, "price_before_discount": 5000, "category": [8]}}, {"model": "shop.product", "pk": 7, "fields": {"title": "Fried Chicken", "slug": "fried-chicken", "image": "products/baked-chicken-drumsticks-honey-mustard-marinade.jpg", "price": 2500, "status": true, "is_featured": false, "has_discount": false, "discount_days_left": 0, "percentage_off": 0, "price_before_discount": 0, "category": [9]}}, {"model": "shop.product", "pk": 8, "fields": {"title": "Coconut  Rice", "slug": "coconut-rice", "image": "products/jollof-4659747_1920-removebg-preview.png", "price": 3200, "status": true, "is_featured": false, "has_discount": false, "discount_days_left": 0, "percentage_off": 0, "price_before_discount": 0, "category": [8]}}, {"model": "shop.product", "pk": 9, "fields": {"title": "Assorted Meat", "slug": "assorted-meat", "image": "products/fried-chicken.png", "price": 3400, "status": true, "is_featured": false, "has_discount": true, "discount_days_left": 7, "percentage_off": 15, "price_before_discount": 4000, "category": [3]}}, {"model": "shop.product", "pk": 10, "fields": {"title": "Pizza", "slug": "pizza", "image": "products/pizza_MCm3WVc.jpg", "price": 3600, "status": true, "is_featured": true, "has_discount": true, "discount_days_left": 9, "percentage_off": 10, "price_before_discount": 4000, "category": [2]}}, {"model": "shop.product", "pk": 11, "fields": {"title": "Spaghetti", "slug": "spaghetti", "image": "products/pexels-engin-akyurt-2347383_FGg8VDe.jpg", "price": 2700, "status": true, "is_featured": false, "has_discount": false, "discount_days_left": 0, "percentage_off": 0, "price_before_discount": 0, "category": [8]}}, {"model": "shop.product", "pk": 12, "fields": {"title": "Carrot Spaghetti", "slug": "carrot-spaghetti", "image": "products/carrot-spag.jpg", "price": 2500, "status": true, "is_featured": false, "has_discount": false, "discount_days_left": 0, "percentage_off": 0, "price_before_discount": 0, "category": [8]}}, {"model": "shop.product", "pk": 13, "fields": {"title": "Corn Flakes", "slug": "corn-flakes", "image": "products/pexels-sebastian-coman-photography-3659862.jpg", "price": 2500, "status": true, "is_featured": false, "has_discount": false, "discount_days_left": 0, "percentage_off": 0, "price_before_discount": 0, "category": [4]}}]